Date,MET_wnduvu,MET_wnduvv,MET_tmpdew,MET_tmpair,MET_ppsnow,MET_prsttn,MET_radswd,MET_radlwd,MET_pprain
2022-01-01,-1.41206999588938,3.17117579619291,15.9366079736704,19.925547691888,0,101162.683509008,335.946791391784,347.417872218199,0.00687233494062883
2022-01-02,-5.64299631580819,-1.45118122543738,15.4557274650353,20.6007260020523,0,101291.36057432,376.327489521819,331.739572612108,0.00687233494062883
2022-01-03,0.425483443704178,3.26745347402731,16.7279943721333,21.2331334594529,0,100720.648148603,343.869659532309,340.112776416334,0.00687233494062883
2022-01-04,0.977599445234921,4.0107438113498,17.6960393029021,21.2007312982683,0,100403.639934945,343.466313517882,353.972749304119,0.00196352426874713
2022-01-05,4.18961452532271,5.29524611570338,16.1045495900719,20.4396941550418,0,100346.058788676,360.032310538979,347.06819400314,0.000981762134373565
2022-01-06,-0.822393430659458,2.1741542572661,17.0083858149634,20.8068588998009,0,100613.897717214,338.257387845857,356.687523810121,2.32677625847019
2022-01-07,-1.26508595809458,-2.28922555825465,15.5603465684887,20.0062911199292,0,101257.701505776,260.763094302644,373.37035356129,2.40531722922024
2022-01-08,2.49886298716981,1.36565031580811,17.3896099005492,20.7316169450842,0,101464.371363851,270.149532266946,375.036093422115,1.05146724591628
2022-01-09,3.45220513950872,1.32546319410078,17.6295748332047,20.8134496372674,0,101491.265296712,307.234317250522,358.664795171635,0.431975339125264
2022-01-10,2.91482194529102,2.26471812632695,17.3821981051406,20.7753529686066,0,101462.054324253,295.030219271154,363.687445897025,0.00883585920937596
2022-01-11,3.42429780257921,2.30296255305127,17.0099487370388,20.8060178224255,0,101239.804505936,311.083390645337,358.207034599195,0.855114819041151
2022-01-12,2.27489598368983,5.21706216565191,13.3376619136155,19.7311898773954,0,100961.519525965,329.193626693097,355.892800594078,0.857078343309906
2022-01-13,-7.93340144392361,-1.34835171354264,13.9419004780091,20.3348490343408,0,101018.22500175,345.638619909866,345.961939286409,0.1688630871126
2022-01-14,-6.53313715325888,0.192205407983182,11.8700458597027,19.894524346073,0,101073.547228144,311.636550893694,346.699442430896,0.1688630871126
2022-01-15,-6.01220694303225,1.38195371684199,12.3648315410284,20.0869104545872,0,100994.884121249,343.057205417535,336.024720193011,0.0137446698812577
2022-01-16,-0.309274846288371,4.68783015101603,13.6756881220477,20.7350777716618,0,100613.138286176,319.478749831333,346.190819572629,0.0137446698812577
2022-01-17,4.61342558404483,5.72743861133506,15.7961866758733,20.5044846892573,0,100510.456235352,362.273761962008,335.077410119488,0.0039270485375012
2022-01-18,3.71650522674541,2.83356588179281,15.8678232897581,20.7066879632026,0,100683.005941752,367.29253879866,329.577925464472,0.126647315334454
2022-01-19,4.90387235678763,0.599352375157445,16.6260660726651,20.718807750301,0,100555.452524406,338.516681712274,348.613135935127,0.455537630350278
2022-01-20,2.78841931551457,5.86879824039281,11.4554525821791,19.0162465319732,0,100742.667774082,257.939672201657,365.073443185804,0.491862829322176
2022-01-21,0.500806944829367,3.55975288485312,12.5760515975772,19.3702160136456,0,101163.907897826,288.824452734903,364.800058399485,0.206170048218872
2022-01-22,-1.87718553225699,-2.03741800560409,14.0971614792223,20.5266698285534,0,101112.956274554,327.234517480167,335.897564478444,0.00490881067187476
2022-01-23,-2.2298015138812,-1.54768745562272,14.7727788559212,20.7475008981415,0,100704.572233397,336.678576303672,361.652954463956,3.44598509165839
2022-01-24,-5.67881646545665,-4.23643445019436,16.5307922764661,20.1027530431834,0,100431.74663268,164.006147527596,378.049683857349,8.9242178014743
2022-01-25,-1.29613008778992,-3.961105051426,18.9359521117813,21.3859889313218,0,99919.8707392351,188.662113180909,388.870635166987,9.7047186983029
2022-01-26,3.12452160102966,3.85298555111195,17.4210133554438,20.7341815416716,0,100050.717607515,236.769768530175,387.28754652063,2.71457230154856
2022-01-27,-2.90230964550161,3.47684551954884,12.7263499183863,19.8385306539154,0,101214.487554875,308.288778973952,373.503867061585,2.71457230154856
2022-01-28,-3.9793223823048,-2.00523021617973,12.8451158835111,19.8691817195806,0,102049.404489158,346.162969728621,333.863073045374,0.0530151552562835
2022-01-29,-2.37710934963893,-1.41960290894887,13.8250519121314,19.8013715797058,0,101932.839573987,324.215184457887,341.77851627716,0.00687233494062883
2022-01-30,-2.2049297828541,1.51074296659791,15.2534176755756,20.7035442641601,0,101462.519282032,291.35400845395,356.248836594866,0.00687233494062883
2022-01-31,-7.58562219437058,-4.2166837178671,15.7382618834945,21.5195823524782,0,101255.671190141,331.36017099916,349.681243937489,0.0225805290906336
2022-02-01,-6.52481959308627,-6.08109952067801,16.6351858035375,21.6222765212027,0,101141.12496666,272.339124916691,365.938102044858,0.0235622912250141
2022-02-02,-3.71658057276468,-6.4819803442306,17.1909093332017,22.0930868172913,0,100930.564961834,278.251025071003,363.922683968974,0.0186534805531324
2022-02-03,-3.56020639404508,-5.90128595857424,16.9448860634295,21.9569977403161,0,100562.814355905,284.122590623871,373.313133489735,0.0245440533593877
2022-02-04,-2.74949724437418,-7.03281055603052,18.4099402141468,22.8001984914144,0,100077.472053043,287.222592849037,364.545746970352,0.0618510144656595
2022-02-05,-3.65568631836229,-6.85591103640127,19.8098027904651,22.8383641008438,0,100022.727149225,271.451763684952,388.985075310097,6.40599792680085
2022-02-06,-4.08832087157409,-0.603156773295634,20.8292469111333,22.2120096429155,0,100214.595851339,149.814129905696,406.233747991088,61.0685500445661
2022-02-07,-5.38741853619776,-0.874581736068728,20.9020597447243,22.1433860019727,0,100458.260850022,142.732526309547,417.474313158796,61.4504555148382
2022-02-08,-6.93070033961147,-2.41551977817945,21.2206058213105,22.8957228202173,0,100749.708009785,179.333296075811,416.749525585765,9.15689542732131
2022-02-09,-4.70728091507595,-4.54358976383141,21.0160402680309,22.8996938084816,0,100760.890244367,205.712125419318,420.049216378775,0.388777805212737
2022-02-10,-3.36147539430049,-4.16935433519283,20.5135527645196,23.0518460845121,0,100535.901049803,241.863452483792,399.278330404282,1.65230567215415
2022-02-11,-0.316884098417084,-6.27439767148736,22.4085554993354,24.4784925592381,0,100010.370896251,227.296899277068,408.166514852504,3.25061442691764
2022-02-12,2.09937725041235,-10.2844629449435,20.4893355286516,23.8617484444356,0,98884.4446374465,166.777710855299,426.165406249439,3.31737425205518
2022-02-13,3.9050365906579,4.95213189885142,13.1254589885452,18.1679441640075,0,100707.908305461,210.246887038658,410.817711501222,1.28610839603204
2022-02-14,-1.90950461643134,4.57456341509493,12.0667323522109,18.4749787705003,0,101708.396704813,274.367379160665,344.099108068005,0.734358076512953
2022-02-15,1.72312401749469,3.92265592609083,13.2249865108049,18.4386607736662,0,101606.121492046,314.575214713088,322.438132091544,0.0854133056906736
2022-02-16,2.51290772381163,3.27688125850367,12.6733555812143,18.4478574721811,0,101297.912604355,290.73746526047,344.321630568497,0.00196352426874713
2022-02-17,1.07858393492184,-0.177992262455428,14.4551028596656,19.4773775441676,0,101306.169479578,249.181301602677,359.624820816615,0.286674543237678
2022-02-18,-2.41365804470397,-3.10018643748527,14.9214498042602,20.4877872351319,0,101218.896904478,224.121989934937,357.978154312974,0.528188028294074
2022-02-19,0.196335672817417,-2.05075022607572,16.4062257758041,20.8648656623981,0,100928.395158866,209.860827281993,364.920856328324,0.645999484419152
2022-02-20,-0.204404781046368,2.13059598838237,17.069259212907,20.2913336212776,0,101123.580559802,238.290959213156,370.229607411489,0.654835343628528
2022-02-21,-3.26251464188185,-1.97460420115348,17.2424051986933,21.4818855402744,0,101432.990588423,261.558262159657,360.082581389056,0.592002567028488
2022-02-22,-2.00575356091049,1.74415205499762,17.1683194698039,21.3741311191437,0,101593.927974295,275.49098591514,358.0735210989,0.411358334303377
2022-02-23,-2.90755112502644,2.7835700550242,16.3953175464744,21.2748012599209,0,101658.638473174,286.237276156651,357.056275382365,0.846278959831775
2022-02-24,-2.73142527056849,1.62199082341902,14.4739062623655,20.5194448360169,0,101384.12352586,275.50251008698,362.981731681179,0.919911119909945
2022-02-25,-0.484935241174627,2.74717309313666,14.4982362864244,20.3798259916957,0,101029.070141943,271.826299269777,359.669325316713,0.919911119909945
2022-02-26,-0.152111410034146,3.18008933787966,14.9830804943433,19.8936556923902,0,101147.750615009,275.871283585885,342.001038777652,0.26114872774391
2022-02-27,-4.06733471610208,-1.39074817464242,13.9570140956034,19.8787369100916,0,101698.39236327,260.54413503767,347.265285360719,0.405467761497122
2022-02-28,-0.253662546156178,-1.43548729733935,13.4962904479601,19.9003153706252,0,101665.18662856,226.472920990453,362.701989109132,0.405467761497122
2022-03-01,-0.121816063128072,0.842912997144837,15.2821786642811,20.3704776234901,0,101357.376829628,232.47125243357,364.622040399092,1.05146724591628
2022-03-02,-7.22903968770055,-0.372299852814779,13.2298686282153,19.1040219183992,0,101733.709781226,233.946346429188,360.743791104803,1.14178936227883
2022-03-03,-7.23768104583608,-0.988857911539822,11.7611891427873,19.2116522461467,0,101866.629586271,240.198209652802,337.614166625096,0.440811198334647
2022-03-04,-5.94829732010013,-0.969430961709736,12.7945706613436,19.7780282354992,0,101730.586814811,218.763250028982,348.06636636249,0.0775592086156712
2022-03-05,-6.0242279424058,-1.83438733385045,12.9690539928233,19.9996728061554,0,101604.176418671,208.944655620652,356.643019310023,0.00490881067187476
2022-03-06,-4.70513575357158,-1.26553957838459,14.4262774205653,19.994888316823,0,101360.922132693,189.186462999663,357.336017954412,0.01079938347813
2022-03-07,-4.27027508936468,-0.777256526625846,15.947693441586,20.6096331493396,0,101416.961168995,218.838157145947,348.886520721446,0.153154892962595
2022-03-08,-5.39448137926404,-1.77206872616021,15.5020995241357,20.6085990378124,0,101589.68910921,218.192803522865,361.951770393188,0.153154892962595
2022-03-09,-5.00608572273673,-1.27422456772039,14.1479967281667,20.3285202717945,0,101471.066755867,225.470318040307,354.805619234532,0.019635242687506
2022-03-10,-5.55757436571431,-2.87186263889402,13.7155668038661,20.1108604775564,0,101065.52283181,221.436857896039,356.128038666027,0.0265075776281418
2022-03-11,-2.17085004725635,-3.26426797943251,13.9175543413515,19.4908347821744,0,100904.283223382,198.699666854214,355.950020665633,0.0265075776281418
2022-03-12,0.910978014363313,2.63373494295235,17.1012427213553,20.4648161710751,0,101064.778899363,192.234606451545,366.135193402437,1.07699306141004
2022-03-13,-3.24343079944202,1.1014247520897,13.8385381572554,20.2208761558933,0,101373.782089927,196.273828681733,381.196787792878,1.07699306141004
2022-03-14,0.898774878635616,3.47560752764791,14.7218469313846,19.8348905813397,0,101179.352245382,230.091510948453,351.620368584633,0.13646493667821
2022-03-15,-2.26064326984971,1.73560038786653,14.6777789739004,20.1345761019127,0,101250.223434832,255.271826420521,341.873883063085,0.801117901650494
2022-03-16,-2.60981889811785,0.915230770188795,12.5192063493123,19.6610771158535,0,101333.222273014,233.998205202472,356.019956308645,0.801117901650494
2022-03-17,-2.16935248167783,0.128648808392008,12.5603579264292,19.412545645491,0,100897.800937014,250.230001240187,344.614088712,0.240531722922023
2022-03-18,-0.595795568730723,-1.64916469944105,14.8750455199624,17.6215885738209,0,100426.178763278,200.053757045503,356.954550810712,9.03221163625561
2022-03-19,-5.65546253738076,-5.17155639407432,15.0473053128194,19.3539597804386,0,100465.14222515,143.314496987505,372.130585344263,9.07737269443689
2022-03-20,-7.56028500377178,-5.610662598322,17.006323402328,19.2507278737199,0,100146.712015619,161.609119784717,375.633725280579,36.8435693788479
2022-03-21,-0.582155579542551,-3.30908328624643,17.7916353510755,20.2009798501106,0,99965.1460029561,189.900961653791,391.642629744544,36.8965845341042
2022-03-22,-1.87657841107651,-4.28803014341956,18.3529177272961,20.0441396018235,0,99941.5416463803,214.660644853671,360.324177246733,8.88691084036802
2022-03-23,4.49699997900097,2.70251015455671,16.8455680049531,19.3976406513461,0,99553.5072573467,148.506136401769,375.951614566996,9.21678291751823
2022-03-24,7.45758594087829,10.1250715339014,16.4086748908087,19.6691983383802,0,99547.7456555365,170.776598484044,359.027188958151,3.16225583482384
2022-03-25,3.24602678661688,9.71653420659228,14.3168406500962,18.3051087169709,0,100096.209851533,198.809146486701,362.937227181081,1.72102902156044
2022-03-26,-0.0667906468036786,6.42360907230497,12.7494876101404,17.9174271995129,0,100726.793340581,221.390761208676,332.674167114175,0.00490881067187476
2022-03-27,-2.31657936794482,3.44277217322921,11.8624729383068,17.5044444200234,0,101073.613097163,220.048195189228,326.462610457585,0.00196352426874713
2022-03-28,0.614277893461538,3.76491671188223,14.0636472738961,18.5343643484671,0,100860.674058368,214.366778471731,322.463563234458,0.00196352426874713
2022-03-29,-0.904860724341658,2.87358158923694,16.6942384778263,19.4365370329213,0,100778.872486466,235.02961858222,333.049276472147,0.00981762134375647
2022-03-30,-0.680408023917295,2.21955999098662,17.2078114492532,20.1636553180567,0,100908.084253224,224.064369075734,347.360652146644,0.00981762134375647
2022-03-31,1.73520572898629,3.16534771124389,17.2687654101903,19.5566732160707,0,100840.010559744,221.315854091712,350.202582367213,0.0795227328844184
2022-04-01,-0.361851540518151,1.11313806007548,16.4600901933068,18.8233916262334,0,101087.259607973,200.491675575452,347.010973931585,0.0795227328844184
2022-04-02,0.681020748569242,1.31576876521498,16.960773085762,19.2732715050121,0,101229.579309448,175.662847344528,355.797433808153,0.0333799125687706
2022-04-03,0.700853373798336,1.83907746475561,16.7005385039237,19.2007320284198,0,101385.483527363,186.386089242358,353.190741659533,0.0461428203156478
2022-04-04,0.072907936825334,-1.46977014998068,16.5980140383031,19.932069488586,0,101278.248764955,180.013222214416,357.723842883841,0.267039300550165
2022-04-05,1.49648568082059,-5.16607113765171,17.1294075439083,20.3679130269027,0,100673.745532656,153.899448823246,369.886286982158,5.88173694704428
2022-04-06,5.59773091658835,3.29371794835641,14.5481370046433,19.076128483473,0,100455.812072387,149.220635055896,384.98602808697,6.06041765550064
2022-04-07,-2.62070660462117,1.31171196098576,11.1637017572551,17.5126207951649,0,101379.222095941,176.29667679577,359.37686717321,1.50602311413218
2022-04-08,1.1179253874171,3.99998280482627,10.6752805524216,17.7107014111554,0,101616.1025857,196.302639111335,327.683305317426,0.170826611381354
2022-04-09,-3.56024686879045,-0.790417332834267,12.1849504889794,17.6352664222869,0,101964.724053675,177.668053244821,340.882068489464,0.170826611381354
2022-04-10,-1.28504000755977,0.482181203241083,13.4142612079044,17.7710797361882,0,101909.645930116,199.483310539385,323.137488521662,0.030434626165643
2022-04-11,-3.76792278726081,-2.80360167007929,13.2590646570861,18.728570493269,0,101100.743383562,177.224372628951,347.506881218396,0.300419213118935
2022-04-12,-2.48129134420971,4.34098291243201,15.0966098648859,18.2191671549865,0,99882.4028915517,134.792371911261,363.121602967203,4.37473207077772
2022-04-13,0.801493828149644,8.94097989572846,11.8556411964519,16.6147913791248,0,100342.040778537,132.452965027586,371.405797771232,4.3953490755996
2022-04-14,0.513333878519989,5.64936893745906,9.51067802993413,16.2495431877294,0,101214.111714003,171.980874441404,320.42271401566,0.00883585920937596
2022-04-15,-0.871044074588785,2.04787908337055,10.3831269125297,16.2804148638537,0,101363.564642736,198.463421331478,313.638956643519,0.00981762134375647
2022-04-16,-2.82745160394813,2.55524625643296,12.1181315421103,17.4427562203895,0,101228.595148816,184.334786654702,328.338157247445,0.0255258154937613
2022-04-17,-10.0369953848046,0.119811450822244,14.2945408134753,18.1977127878362,0,101377.745854993,160.704472295217,352.599467586797,15.0739758112031
2022-04-18,-8.91222244847011,-3.01095579047159,16.7508742623078,18.7398216266846,0,101344.760975228,93.3860224873982,378.952489430774,15.4117019854283
2022-04-19,-6.51342595226588,-3.47792633550497,17.7175012843899,19.4597149192835,0,101468.253761305,92.2739399047645,395.285640966884,6.86448084355426
2022-04-20,-5.39537182366208,-4.55248425948891,17.4071242953519,19.5838496670046,0,101367.586527524,120.208532446775,375.468422851643,0.97685332370373
2022-04-21,-2.2852923897773,-2.22509757778612,17.3762364436162,19.2346784628183,0,100716.792873686,142.427135755766,361.563945463759,5.72661852981293
2022-04-22,2.69589404760904,9.32675721808963,10.27683209881,16.6489860002898,0,100748.964077338,124.074892099351,375.347624922804,6.05452708269438
2022-04-23,4.42795006340744,5.6794426176372,9.9899150535004,16.3310725405312,0,101157.018773402,146.426023384511,326.227372385636,0.98568918291311
2022-04-24,6.38391237056776,4.93817115941471,12.4454912101934,16.2337281754405,0,100704.684598194,156.809302213039,328.732339962603,3.99380836263998
2022-04-25,1.0756899906282,3.68858022666753,11.4094188876517,16.0984388113797,0,100765.4468306,115.103324321317,342.884770993891,4.06449523631502
2022-04-26,2.25759303004608,3.50690015369774,11.6666565261291,16.8607444647462,0,101217.277301548,136.630477319862,332.852185114568,0.281765732565796
2022-04-27,-2.68698400015717,1.45627132295669,11.7839884699683,16.0643820717517,0,101975.646686831,137.010774990608,345.809352428928,0.47124582450029
2022-04-28,-4.58611976482433,-0.335274371962144,11.9929688752958,16.231260095929,0,102534.103600426,118.687341763794,346.565928930601,0.492844591456557
2022-04-29,-5.46011117887419,0.402302156586788,11.4467517788732,15.623285246877,0,102606.261173064,135.823785291009,332.012957398427,0.559604416594098
2022-04-30,-5.36165636077262,-1.42487865904978,12.5655300706166,16.03158005411,0,102238.975524914,135.074714121359,324.237385452665,0.328890315015824
2022-05-01,-3.3157186946648,-1.95452968632906,13.3400465782253,16.4811152290463,0,101946.83867778,133.709099758229,329.883099179433,0.335762649956453
2022-05-02,-3.13841907259124,-0.42467643323903,12.9818473962026,16.196706982768,0,102039.043679985,137.402596833194,331.097436253546,0.160027227903224
2022-05-03,-3.07155479324744,0.781375276653653,13.1345142690228,16.4669685833546,0,102074.330100756,145.723048902225,324.434476810244,0.0078540970750024
2022-05-04,-5.59734080303591,0.11160261221757,13.6043576475384,16.6126404271483,0,102061.958349189,130.563000845701,337.544230982084,0.395650140153365
2022-05-05,-4.24248917667126,0.475648415209986,13.0685815150829,16.3300522171577,0,102131.930620266,121.683626442392,329.444411964177,0.411358334303377
2022-05-06,-1.44260819126765,2.25350001510153,12.5690909549325,16.0482085674668,0,102167.201542444,144.461152085661,317.752444009757,0.0441792960469006
2022-05-07,-1.40919628896843,-1.0889638412525,12.2536546098981,15.5208254767653,0,102109.434413063,152.055581328724,312.100372497261,0
2022-05-08,2.03892821820898,-2.27532195690567,13.0475062359643,16.3607308591304,0,101651.2223966,145.878625222075,321.757849018612,0.243477009325151
2022-05-09,5.36089294408214,0.135886299505177,14.0327594221603,16.8322443510575,0,101062.058896357,122.836043626469,336.037435764467,5.18468583163759
2022-05-10,-2.07423683006891,5.37032556298789,9.37589614168712,14.5865953349689,0,101590.940620565,110.989194974164,346.737589145266,5.20235755005636
2022-05-11,-2.44302247246664,3.3004983347677,6.10942122948802,12.5562759151438,0,102165.686555015,134.008728226089,301.050540901403,0.109957359050068
2022-05-12,-1.17798430606803,1.74270455677499,8.0193603433122,12.5368621947405,0,102261.111389839,149.946657881864,280.152499212344,0.00196352426874713
2022-05-13,2.26139765611043,0.390131743899117,10.1929337973035,14.6318480553977,0,102037.032737591,147.76858940396,324.339110024319,0.0628327766000331
2022-05-14,7.44410785067158,1.79155762178888,11.5744763488833,17.1888749463931,0,101153.46959569,109.963543680336,343.800292138772,0.500698688531559
2022-05-15,8.91083167322646,0.189005675069991,15.4177339572664,18.1741074687095,0,100672.687753709,78.8655659680365,359.484949530592,0.530151552562828
2022-05-16,6.38850625416674,-0.83045208630764,16.8200617611881,18.3369869283151,0,100908.068754631,91.4557237040704,365.035296471434,0.915002309238064
2022-05-17,5.43789614714,-3.68973722674064,16.7585921970921,18.6052768229233,0,100861.503233074,86.1546046573193,369.288655123694,4.68693242950916
2022-05-18,2.10662222983277,-1.4837308894174,16.5908922696713,17.9947925298987,0,100849.654559008,90.0670609972584,380.739027220438,6.69561775644166
2022-05-19,7.48743606558535,-1.99566910949865,13.9136067546664,16.6464076155487,0,100564.809799707,62.4205727512673,377.312180712862,13.2429894305926
2022-05-20,11.6652392822119,4.96357856242778,6.73633022027292,14.6795137027232,0,100687.07044767,79.931551863307,341.835736348715,13.3107310178645
2022-05-21,9.09549769895654,5.20089208682275,9.29852344265993,15.8300110352345,0,100809.811552004,96.2958758771909,318.133911153457,1.4569350074134
2022-05-22,7.09007525295958,3.78072491615573,10.19222484296,15.3892175497411,0,100859.077703328,95.195317466398,332.477075756596,1.6621232934979
2022-05-23,1.30957330672273,3.19485001054467,7.96040434461571,14.0326562602497,0,101362.561108863,98.9982941738499,328.865853462898,1.6621232934979
2022-05-24,4.00492826221995,5.69730779306918,9.69700412146898,15.3202354168023,0,101293.344394177,96.8663223833087,334.797667547441,0.650908295091027
2022-05-25,3.12909524725596,5.13253588786179,10.2043898549895,14.8148306430915,0,101389.943247393,93.9218964779937,330.474373252168,1.14375288654758
2022-05-26,-2.97233095498392,1.28390475828779,10.182009455375,13.1115386526178,0,101734.9225461,98.4336097536525,326.742353029632,1.24291086211952
2022-05-27,-4.38301749258027,0.00294501537380452,10.0075261238954,13.3883496262098,0,102020.003658939,97.3849101161431,311.610822996178,0.621455431059757
2022-05-28,-6.2353846889776,-2.20487069472774,10.7306434416047,14.9373383886766,0,101692.971730498,95.0570274043089,316.760629436135,0.246422295728278
2022-05-29,-7.2306182027698,-6.02618981836415,14.1767254916747,16.4911254286293,0,100491.664191788,100.173759701608,363.280547610411,40.1727247765156
2022-05-30,2.95171467569167,-5.00835096947235,14.8631866473085,16.4906152669425,0,100067.223608667,78.0473497673423,379.397534431758,40.2227946453687
2022-05-31,1.33335221962496,-7.54034914335614,14.8684715796869,17.2913209283512,0,99725.9058524685,97.3906722020635,345.186289427551,11.7026046417573
2022-06-01,4.9321844411708,-6.37564636295475,13.8350578359331,16.3704652956394,0,99610.8597993747,89.1624135077585,359.484949530592,11.7340210300573
2022-06-02,8.99673932026473,-3.3831342479517,12.2541541004583,14.1579354247276,0,99262.9086455309,73.0861937898937,347.239854217805,15.4058114126221
2022-06-03,4.59150850942941,3.19900204492012,11.0658338326631,14.1298489556497,0,100195.45508944,85.5668718934403,323.855918308965,15.5314769658222
2022-06-04,-3.96713948394979,-2.84721707705076,11.6704913246232,14.1761082112983,0,101140.911861011,97.2120475385316,324.072083023728,5.9975848789006
2022-06-05,-2.98210560598969,-3.95438180310245,12.7795053815456,14.7158730640185,0,100975.57674948,80.0467935817147,339.43885112913,6.77808577572921
2022-06-06,-1.02796466237082,-2.6191408768397,13.2529579821733,14.6026585340242,0,100874.882393162,75.0856376042661,354.379647590733,6.85957203288239
2022-06-07,1.50976139730047,-3.21137715621864,13.4039652573259,15.7807873265414,0,100340.859010849,90.9083255416341,328.967578034551,5.5626642533722
2022-06-08,3.24631010983444,-5.07385026404654,12.148004300127,15.3421447930245,0,99952.3984105177,77.378947800578,342.427010421451,5.57051835044721
2022-06-09,8.41104951745331,-4.07233386221787,10.1388921412149,14.6723024983405,0,99620.0504648044,72.9940004151676,339.343484343205,3.9928266005056
2022-06-10,8.4001415735773,-5.79792315786063,12.2464039404766,14.3047378971242,0,99696.8537405832,77.8802492756512,319.799651014283,17.7954204476923
2022-06-11,6.22134555580724,-5.01137928812234,12.0147047709617,13.822497221622,0,99628.5901893436,91.0754260333252,326.659701815163,19.0530577418275
2022-06-12,10.5915454745287,-6.96889208188369,10.7471266300897,14.4136367350117,0,99020.0263257753,77.1945610511258,332.101966398624,15.7759357372817
2022-06-13,12.7665166288617,1.11344279654341,7.48886914323504,13.5672233441023,0,99806.4326651267,92.2220811314811,321.64976666123,12.2523914370076
2022-06-14,10.0741770418943,2.35282505761516,7.9911310703643,14.7967267972892,0,100831.358470408,95.0973620057515,309.620836063208,8.58158281657721
2022-06-15,7.10764129244821,3.17428029895988,9.30706311997864,14.3420072765633,0,101250.742637685,94.3655770938631,322.806883663788,1.18891394472886
2022-06-16,5.28815982666034,-1.27563397388453,9.72908430550962,14.6654773622612,0,101537.396857676,92.567806286704,314.452753216747,0.748102746394211
2022-06-17,-0.871995231104874,-2.26147549364442,11.3206868065308,13.7277450294261,0,101632.387731906,84.3741201079213,324.18016538111,1.74753659918858
2022-06-18,-1.89841453620119,-1.70763600922376,13.4273607506593,14.1789347828059,0,100668.611623847,58.1393429124237,338.415247626867,12.6352786694141
2022-06-19,-5.61098079222408,3.5175468840458,8.81066617878145,12.7070907402659,0,100584.396146143,66.5750366998624,352.504100800872,12.6362604315485
2022-06-20,-6.90291442691806,5.46555570921381,4.61895751059791,10.4213595613843,0,101072.617312586,78.1222568843072,326.322739171561,0.741230411453582
2022-06-21,-3.99561346731442,3.34718015244764,5.09493978922382,10.0403928747759,0,101539.760393052,78.5889858438581,307.382895486831,0.0157081941500048
2022-06-22,-3.20449409440041,1.36780251711282,6.90298282877728,10.6003297963527,0,101875.502530552,97.6672523262418,285.003489723068,0.0039270485375012
2022-06-23,-4.38657927017243,-2.88410923569867,8.99618664038053,12.6036657993955,0,101914.438869887,109.750346501282,298.95247161105,0.0785409707500448
2022-06-24,-2.03222404437953,-4.93172879381899,11.5217075880932,13.608725686726,0,101310.195239014,79.1248598344536,326.112932242526,8.11426404061441
2022-06-25,3.79498575800911,0.040275232694362,12.1623606255816,13.9532364949633,0,101269.306077007,73.120766305416,339.864822772929,8.21244025405197
2022-06-26,2.9348974189923,3.34179012617125,9.9093037221316,13.6559225368259,0,101574.078151784,84.6449381461793,326.373601457388,2.09998920542943
2022-06-27,0.847979073201917,-0.752230044197676,8.20618592540711,11.8393194992821,0,101425.876734406,85.3018159411027,321.484464232293,0.655817105762901
2022-06-28,-3.06435028857238,-2.06537757653602,11.3374761343914,13.3340656651104,0,100891.210160498,83.7114802270774,317.936819795878,1.00336090133187
2022-06-29,0.616888514537612,7.64518329603248,9.13606010982136,13.3409597419582,0,100238.207957211,66.523177926579,328.217359318607,5.84737527234113
2022-06-30,6.75522768455083,6.01360520074393,9.34591059547938,14.529884658819,0,100760.413662644,76.382106936352,328.293652747347,5.85228408301301
2022-07-01,2.52029436484084,4.75782430849207,7.16914684694262,12.8774847436356,0,101321.838556727,83.0661266039947,341.530562633754,1.23505676504452
2022-07-02,2.10127956344453,2.63693467586555,7.81239401282403,12.2337296357436,0,101740.649276076,88.8915954695005,319.716999799814,1.23603852717889
2022-07-03,3.19895465775681,4.25607571405699,7.31715717873431,13.353741360434,0,101898.273837773,83.5731901649883,320.778750016447,0.359324941181467
2022-07-04,-1.43686077742575,-1.15503451670404,9.32103274306411,12.6510143191861,0,101934.823393844,86.6616682183128,319.507192870779,0.226787053040765
2022-07-05,2.98364924978504,-1.73292913606136,12.6456096862278,14.6628024604443,0,101148.517795344,55.9036535753156,356.217047666224,26.9582064478199
2022-07-06,-3.83417994542413,-0.651914608163301,11.603672377754,13.9740290307362,0,101629.869210604,37.7588450120338,370.490276626351,26.9582064478199
2022-07-07,-5.8019406408585,-7.35426943763071,13.2501221647995,14.9147258166158,0,100766.318626436,42.8294806219696,362.282375251062,32.3048830316295
2022-07-08,7.08135294533332,-5.32310564877824,13.8648661435549,15.7838345085081,0,99844.9582917572,45.4454676298229,378.761755858924,33.9414805096336
2022-07-09,5.06528564130523,-4.02292846235586,11.9986405100433,14.7556105229691,0,100575.538700455,84.7486556927461,340.417950131295,7.52127971145155
2022-07-10,-1.99399564738181,-0.577177989405205,12.7787158642086,14.0549654929291,0,101301.578021512,101.804430017076,328.97393582028,1.17320575057885
2022-07-11,-6.27699272721333,-5.49577694991506,14.6029198402727,15.8122243169673,0,100245.550415469,61.118341333261,366.993494475763,47.7205120655953
2022-07-12,9.91142809077959,-3.76700696738835,11.1585618382652,14.6860217112675,0,99798.5245082372,66.3906499504102,382.309400295338,47.9806790312048
2022-07-13,4.58928239843431,-3.2463456659128,11.401555939479,13.354513497041,0,100113.610896409,73.6393540382503,327.448067245478,2.70671820447355
2022-07-14,-0.868069180804421,4.99576635185214,10.1120485517565,12.9973037992501,0,99241.2377383858,55.2525378663125,332.578800328249,23.0449025801987
2022-07-15,2.55218846418885,3.96886159303964,7.7902875273877,12.3458135371348,0,100180.762423627,87.0189175453765,345.218078356193,23.0773007306331
2022-07-16,3.57870895614858,4.39888284133737,6.21328304080185,11.4431031146864,0,101472.016044666,103.907591378015,307.344748772461,3.2682861453364
2022-07-17,-0.410684320801623,-1.47093195776463,6.41697851375096,11.1975774618296,0,102389.017400167,115.062989719874,291.526577880347,3.2682861453364
2022-07-18,-2.06691090115776,-5.6699719333915,9.67526822580305,13.3220148187805,0,101922.587254962,103.723204628563,315.864181648439,0.166899562843853
2022-07-19,-0.53281686494201,-4.6877491591882,12.9224885825383,14.611138248547,0,101037.284396037,84.7025590053831,338.141862840548,19.3318781879901
2022-07-20,7.51607194793144,-0.608051602811646,8.7417848192768,11.8075102287064,0,100792.522871925,92.3834195372518,352.059055799888,19.6234615418997
2022-07-21,3.03035710593683,7.23597935769973,7.41280156470373,11.8273513818743,0,101365.199744259,101.539374064738,315.279265361432,10.7552041820848
2022-07-22,-4.23283594990159,2.11614005218528,6.28786826025146,10.5961519857829,0,102236.139282463,113.317077685998,296.364852819615,1.59634523049474
2022-07-23,-7.33297883379915,-0.643267710885988,7.70771045897573,12.5373723564272,0,102303.348929404,129.082144764163,322.183820662411,0.274893397625167
2022-07-24,-11.0218471264105,-4.09461771643473,10.8329101056459,12.9394073418824,0,101276.629162025,74.601622386954,344.556868640445,19.747163570831
2022-07-25,-6.32220301778659,-8.04847815758836,13.3308785095567,14.7998980726392,0,99712.2205951761,37.8049416993969,360.203379317894,21.2963842188757
2022-07-26,10.7376795426708,-5.94674883038249,9.85431142271892,13.6665807796326,0,99401.2994537739,56.2897133319812,358.925464386497,21.0018555785631
2022-07-27,4.83067377979413,-5.26391058988421,10.3798560549907,13.8475227205794,0,99954.6069599675,88.8051641806948,341.123664347141,7.31903671177017
2022-07-28,9.98618494546966,-0.619688726680452,8.89261485584353,13.4606684923431,0,100320.737962966,104.88714598448,329.571567678744,4.89702952626554
2022-07-29,2.71465409208595,-2.97238758125009,9.02622052438437,12.8709629469377,0,101091.742575892,112.395143938737,313.71525007226,2.13533264226695
2022-07-30,5.22036462817313,-3.24708846105336,8.95669466093119,12.9946702618942,0,100478.037054218,121.205373311001,303.263050334866,4.25495709038389
2022-07-31,6.37806376986244,6.47297638010848,5.0060949199119,12.0275002209191,0,101311.764471518,116.987526417281,312.087656925804,4.39731259986835
2022-08-01,1.43300104271481,-0.258518874104059,7.36459266934986,11.4516104055166,0,102120.914995554,124.36299639537,295.608276317942,0.614583096119128
2022-08-02,0.779111293962524,-4.60598455563863,8.17979348871273,12.6946676137862,0,101942.227846473,119.747565573144,312.704362141453,0.00196352426874713
2022-08-03,-0.916497213634238,-0.083904877984227,10.3343057384247,11.7472697852105,0,101706.571745531,102.703315420655,326.011207670872,0.0962126891688037
2022-08-04,-1.66621092203934,1.71821136316568,10.4603707107672,11.5431223815941,0,101654.686332053,110.407224296206,324.637925953551,0.0962126891688037
2022-08-05,-0.635096546480621,-1.31989694585034,10.2321840877721,11.3121983835008,0,101137.742398818,122.939761173036,311.025906709171,0.030434626165643
2022-08-06,3.14299832228901,-4.78838837771974,11.4847452866421,14.0809837389527,0,100346.860840845,132.723783065844,329.844952465062,4.98931516689685
2022-08-07,0.777330405166442,-0.543695069992175,10.4991376232744,11.7503445434846,0,100101.277891323,83.7691010862812,345.402454142315,14.2100251329526
2022-08-08,-3.05255190029834,-1.04001554609238,10.6163567789226,12.3266204271906,0,100116.044175452,99.5802648518085,334.18732011752,14.4004869870214
2022-08-09,-3.43898453167542,1.22158615059755,9.21891109241147,11.3693089161078,0,100075.569600798,114.642357447686,322.152031733769,7.90711223026116
2022-08-10,-3.62597785526402,1.66530149392257,8.19442372834555,10.2529924166078,0,100577.286166774,80.6575746892752,333.367165758564,9.70275517403415
2022-08-11,-2.34173442218948,3.69475114014297,4.45697755572075,9.90401424657318,0,101168.371492503,130.493855814656,307.147657414883,4.62115436650599
2022-08-12,2.27378292819228,6.63652463323686,5.63801492889706,10.9257440117216,0,101591.05686001,153.444244035536,284.361353364506,1.25272848346327
2022-08-13,0.815396903182692,1.81262253013405,8.04095122558965,10.7999960500181,0,101972.26411899,139.044791320502,297.604621036642,1.3685764153196
2022-08-14,-1.07297257921725,-1.22201940155934,7.74805640615693,11.6685256394551,0,102078.71620247,129.007237647198,305.596357697167,0.350489081972091
2022-08-15,-3.74612713688149,-5.09064886184079,11.0144829805599,14.0448036236555,0,102041.47308438,125.982142538997,324.714219382291,0.326926790747077
2022-08-16,-5.71892693811386,-8.56216861236018,12.8040287567891,15.5302427857393,0,101781.259463416,110.804808224712,347.602248004321,7.94245566709868
2022-08-17,-7.1845174677985,-9.19163987891345,13.7176775542977,15.7687226920578,0,101435.861702708,79.9718864647497,363.140676324388,25.1763081739281
2022-08-18,-4.68356271429177,-9.71955771753142,14.8185225236718,16.2744721696109,0,101297.532888835,38.4848678380019,374.400314849281,44.1449343721993
2022-08-19,-2.97123813685905,-8.39635388175162,14.3332916133837,16.3318171008308,0,101119.04334681,56.0649919810863,381.985153223193,44.4149189591526
2022-08-20,4.22636559411458,-4.92799577208693,13.1618412364426,14.9013788838385,0,101126.637657199,121.729723129756,367.139723547515,9.861800639803
2022-08-21,1.66131908132158,-3.9022147289999,12.6649286920865,14.3294600567003,0,101000.281506133,145.250557856753,328.293652747347,0.939546362597455
2022-08-22,4.55643714257021,-0.793521835601232,9.72126969513306,12.9012555206068,0,100782.278302197,133.478616321414,328.032983532485,4.96280758926871
2022-08-23,3.26978546214642,2.68752092954075,9.90859476778814,13.0376203606559,0,101297.866108577,144.253716992527,320.27012715818,4.96378935140308
2022-08-24,-0.447455626966177,-3.00246126142824,9.13127466800313,12.6309801318664,0,101110.887212438,137.736797816576,317.85416858141,1.6503421478854
2022-08-25,2.17731137261362,-7.35941186552691,12.8009512504346,14.4804817041278,0,100108.879951008,95.3220833566464,332.432571256498,15.4922064804471
2022-08-26,6.21936229328433,3.34578979231274,11.4242424784691,13.7139568757305,0,100610.379536687,126.368202295663,344.200832639658,15.6679419025004
2022-08-27,0.16322733110844,4.6549376585096,9.28722851096103,13.0390267523328,0,101538.791731013,151.415989791562,320.61344758751,1.06128486726003
2022-08-28,-3.79285523040596,0.98779614161294,8.47600750348067,12.7133505620437,0,102333.334831495,176.797978270843,312.087656925804,0.197334189009496
2022-08-29,-5.22112804486361,0.661290062262778,7.3517509281744,11.8025740696834,0,102578.770544387,179.632924543671,308.158545345689,0.274893397625167
2022-08-30,-4.3411058937543,-0.270346458265317,7.51684061460344,11.8487919608709,0,102557.405734446,164.109865074163,299.880708327388,0.547823270981587
2022-08-31,-1.91577820196299,-2.18691028914953,7.72501538999518,12.5922078436745,0,102563.097592589,181.2808811169,299.937928398943,0.163954276440725
2022-09-01,-0.483822185677076,-2.63719651256413,6.44772135209826,12.1813208635468,0,102424.48980405,177.385711034722,312.647142069898,0.000981762134373565
2022-09-02,0.601062889099703,-3.95175345106662,6.73813483132898,12.3443244165357,0,101807.331970868,162.018227885064,313.772470143815,0.000981762134373565
2022-09-03,5.11506957810479,-1.86926061339838,10.9758288562437,13.7507850342514,0,101019.953094829,173.536637639907,323.372726593611,8.15549805025819
2022-09-04,-0.142154622674234,1.21926253502964,8.92087635398877,12.0937522994263,0,100387.994105685,124.593479832185,336.469765193995,11.7114405009667
2022-09-05,-0.862180105353741,3.84708128204594,9.02246628888389,12.0712776089025,0,98828.5528377739,113.005925046298,323.264644236229,26.3220245847445
2022-09-06,-0.154843455346317,1.44638643377844,1.88914492378365,8.99236910053008,0,101109.64345038,170.436635414742,333.780421830906,26.3220245847445
2022-09-07,0.320087206772424,1.07043686250779,5.93584020353637,11.4598281451192,0,101606.152489232,187.423264708027,314.478184359661,0.183589519128238
2022-09-08,-1.2770260079774,1.29051373043587,6.19831443659609,11.5958069168648,0,102009.972194859,153.761158761157,326.640628457978,0.183589519128238
2022-09-09,-2.63086576570791,2.12537737636919,8.19556772285426,12.1038038634703,0,101899.583468851,175.893330781343,307.109510700513,0.0147264320156312
2022-09-10,-1.06159917576954,0.61815080602244,10.305560862318,12.3411255648783,0,101311.624984184,185.994267399772,300.357542257014,0.219914718100137
2022-09-11,-1.84128443311779,-3.49283937640395,11.7023298196831,14.2715911756401,0,100020.909939239,194.061187688306,330.722326895574,27.612060029314
2022-09-12,10.4284727254511,-1.0352159467226,10.7132901727892,14.4878721545086,0,100365.970605558,171.888681066678,344.512364140347,27.9920019753174
2022-09-13,6.81077927256497,0.517968692192781,8.59667475525373,13.1656020032581,0,101020.933380813,184.208020764454,316.639831507297,4.06842228485253
2022-09-14,1.59475836256802,1.52458942985916,5.67618567525176,11.5885129835598,0,101197.16787761,181.43069535083,316.957720793714,3.06997019419253
2022-09-15,3.74159956887202,4.06472025823064,5.10936056507336,11.7730536326212,0,100927.585357401,209.405622494283,288.799087802888,0.372087848928351
2022-09-16,2.98413494672943,3.94314945355864,6.46207767755294,12.5091617939661,0,101482.741070766,192.29798939667,298.927040468137,0.39761366442212
2022-09-17,1.43585451226308,0.729227248580344,7.72056831274995,12.6932336458019,0,101970.969986505,187.054491209122,311.725263139289,0.249367582131399
2022-09-18,-1.93372875153259,-5.96808038313709,8.86567459079282,13.9912642228556,0,101815.433860165,176.780692013082,321.891362518907,2.27670638961704
2022-09-19,1.16068695589575,-6.26135114145441,13.4826108516515,15.1615199796126,0,101389.765013577,149.226397141817,347.25892757499,9.46025992684337
2022-09-20,2.49949034572297,-2.61106536043974,13.5580017010367,15.0871742548862,0,101123.611556988,140.721558323333,362.17429289368,16.6477405126072
2022-09-21,1.06101789543321,0.847941148865566,11.2920547186151,13.3821725333543,0,101203.677286515,181.764896334212,349.21712557932,16.7773331143448
2022-09-22,-1.09434324477023,2.24350084974781,11.0971889497616,13.8840613278726,0,100992.667822503,210.148931578012,316.652547078753,6.49828356743216
2022-09-23,1.56616295496729,-1.4003092813235,11.2060617792756,13.6580321243413,0,100657.557252654,208.639265066872,329.711438964767,6.53362700426968
2022-09-24,3.17272702275996,4.4708958779134,11.1483303380815,14.2965477338291,0,101107.973477024,218.475145732963,322.53349887747,3.18090931537697
2022-09-25,-5.12147922177376,-1.31949697923619,10.8881763192367,14.6784244385813,0,101726.917523006,213.237409631336,330.359933109058,1.1633881292351
2022-09-26,-8.10452866732893,-3.84246733525776,8.50359227247992,14.0588123878102,0,102023.142123947,168.281615280519,335.172776905413,1.1633881292351
2022-09-27,-5.79265168679711,-4.60545126681977,9.5172036324135,14.3357750310929,0,102017.260408043,178.284596438301,336.997461409447,0.24249524719077
2022-09-28,-3.17041435880266,-4.72982183779081,10.9741370333787,14.8823650198923,0,101645.480168031,191.105237611151,331.61877468327,0.104066786243813
2022-09-29,-1.5158674803792,-5.09895293059169,13.9874185693777,15.7541348254479,0,101016.903746729,133.703337672309,349.25527229369,8.68368607855227
2022-09-30,-2.15990162863499,-4.12181544619685,14.7837354230471,16.0389842926444,0,100634.638708802,101.25703185464,365.105232114446,20.7564150449691
2022-10-01,-2.92560286145946,-4.27361229928095,14.5695828735323,15.7437523457151,0,99688.1241582843,107.549229679696,377.312180712862,21.2895118839351
2022-10-02,0.899260575580002,-2.86333001779218,13.9186016602679,15.6444224864923,0,99185.7876486032,139.805386661993,358.49313495697,12.0275679082356
2022-10-03,2.69686544149782,3.53560251977023,10.9194992111377,14.0616389593177,0,100142.573891386,158.49183130179,362.072568322027,11.4777811129853
2022-10-04,2.24421612670278,1.66473011304521,9.33034582512113,13.8441859873851,0,100828.991060384,167.515257853108,343.100935708655,2.53883687949533
2022-10-05,9.46205723035916,5.98640747098181,5.71453366019233,11.6392671773132,0,100704.700096786,180.353185283718,348.581347006485,2.70868172874231
2022-10-06,2.90678770833597,6.80679613468879,1.71785188684953,10.4909483730858,0,101681.475649414,215.657485717897,316.067630791746,2.76169688399859
2022-10-07,-0.886242341473529,1.38366785947406,4.77705432918486,10.9581048084451,0,102680.057721873,253.894687885549,288.805445588617,0.216969431697009
2022-10-08,-4.31501992036623,-3.02767820414886,7.48711286997514,13.6243338767094,0,103178.318101692,267.199344275711,315.997695148734,0.0598874901969124
2022-10-09,-4.55102816059245,-3.44722413636174,8.93510377865374,13.9292726838404,0,102861.286640146,180.618241236056,330.779546967129,0.0962126891688037
2022-10-10,-2.46599189046156,-3.91960375370075,10.0361743244098,14.2344045251232,0,102141.039918084,191.808212093437,327.893112246462,0.133519650275082
2022-10-11,-0.111960462631573,-0.728555829845915,12.404194619688,15.0284091438357,0,101751.688148677,223.983699872848,337.13733269547,0.0873768299594277
2022-10-12,-1.54705327168331,-0.673284252976395,12.4472474834532,14.8893142493549,0,101558.858533821,166.766186683458,352.523174158057,1.09761006623193
2022-10-13,-5.63301929107559,-0.342054758373429,11.065559918485,14.3094258693807,0,101427.957420466,168.529384975095,351.118103512094,4.29324581362454
2022-10-14,-6.43982262781873,2.03957501461965,8.03147701754551,13.0922628137514,0,101376.719073231,192.182747678262,344.709455497925,4.3148445805808
2022-10-15,0.582586167840354,4.90076475797717,8.79775998721107,13.8432897573949,0,100891.062923868,228.6913240698,316.964078579442,0.223841766637638
2022-10-16,5.25687284849281,1.90322449125338,9.6406100259681,14.6060779961407,0,100854.943453743,243.586316173987,311.343795995588,0.223841766637638
2022-10-17,2.46735339790277,0.665251636345776,12.1603626633411,14.7375066771668,0,100749.893992896,246.974422695171,332.65509375699,8.57961929230846
2022-10-18,6.18287431033733,4.57957252078641,8.92321268080241,13.6988036948191,0,100892.822014132,227.510096456122,345.87928807194,8.57961929230846
2022-10-19,6.1989832589928,4.91261138816767,6.31824050882835,13.4453498535873,0,100941.003263971,256.890972564148,314.103075001688,1.25272848346327
2022-10-20,7.19630122217133,3.04617670625678,10.2213886466333,14.4306926811332,0,100792.15478035,259.460862884638,318.331002511036,3.0552437621769
2022-10-21,-3.19650033219073,0.322232649640042,9.28611674164972,13.7061941451999,0,101634.449044726,261.022388169061,324.046651880815,3.06800666992378
2022-10-22,-0.491613574159934,-0.535962382118631,9.31131684603929,13.581052862259,0,102442.394553186,263.523133458507,322.76237916369,0.854133056906778
2022-10-23,1.64480538521245,3.835977446996,10.3373510195818,14.6765630378324,0,102331.815969417,303.800114041975,297.617336608098,0.0471245824500283
2022-10-24,0.926358417602202,4.59309520155049,11.0152724978969,14.9763864399424,0,101916.453686929,306.393052706146,312.672573212812,0.00883585920937596
2022-10-25,-3.41340449260443,-4.49610801292317,10.5960226793449,15.1155640633453,0,101641.694636781,239.996536645589,327.6324430316,0.185553043396985
2022-10-26,-0.32716468373992,-3.94333510614025,10.507226147829,15.3000633479456,0,101247.875398048,256.545247408925,338.567834484347,0.274893397625167
2022-10-27,-0.414063962039642,-3.46682250045503,12.5950966892577,16.6230780594958,0,101075.484552223,294.736352889214,315.272907575703,0.224823528772011
2022-10-28,-0.417241229550834,-6.21007923072638,14.8698089253801,18.2504800520292,0,100796.351024305,290.501219737734,342.109121135034,1.03772257603502
2022-10-29,-0.0802687370103891,-5.52929796138658,16.6010915446576,18.2795454800194,0,100442.990861633,246.824608461241,363.623868039742,33.1914142389706
2022-10-30,0.558523931720566,-2.11407827331595,15.958359981935,17.0238996874257,0,100121.991760373,131.600176311369,379.969735147308,43.4046857228801
2022-10-31,1.39801062534634,2.90264582986508,14.5665214797766,16.7484261647422,0,100443.006360226,253.214761746944,363.916326183246,32.2243785366107
2022-11-01,0.49714398037379,-1.5212896590889,13.7058347942425,16.7597048744651,0,100648.486701317,291.843785757183,342.643175136214,0.0775592086156712
2022-11-02,-0.527595622789861,-6.62674921252324,15.1672797228478,18.3798129336935,0,100403.775547631,331.492698975329,345.694912285818,2.06759105499503
2022-11-03,4.30332832242707,-1.26209224709121,14.4118244195184,17.0719376149011,0,100749.73900697,190.235162637173,362.47946660864,2.616396088111
2022-11-04,3.84752197749353,3.68433296214586,11.7722584981042,16.083933673692,0,101427.569955651,263.488560942985,336.94659912362,1.37152170172273
2022-11-05,0.270708017426517,4.18507211703095,10.1940133414174,15.5489808866116,0,101753.040400884,298.614236713631,319.736073156999,0.171808373515728
2022-11-06,-6.3258255074968,-3.3803535276819,10.4516054570665,16.0165096021207,0,101750.33589647,269.803807111723,330.804978110042,0.133519650275082
2022-11-07,-7.2597195446876,0.410872869747121,9.98131092578683,15.2425253825741,0,101276.9972536,259.074803127972,331.275454253939,3.35468121316146
2022-11-08,-6.55523636422844,5.32231052326079,13.4560895141673,15.587504988037,0,100728.137843491,205.723649591159,354.519518876757,20.599333103469
2022-11-09,-1.67155358842758,3.92379868784554,14.9464887826626,17.4187234684981,0,100591.730855105,255.196919303556,369.345875195249,20.667074690741
2022-11-10,-11.1634480230717,1.86920828302149,13.8662357144457,16.7598565441558,0,100752.265277568,287.464600457693,356.204332094767,18.4630186990677
2022-11-11,-1.15509583756384,-3.71937284824615,16.7977780371659,18.1424912322855,0,100267.31431417,185.700401017833,372.760006131369,20.1202331818938
2022-11-12,5.64419592426794,-1.79865698298649,14.6225610981057,16.8847634284838,0,100594.687211649,235.986124845003,374.241370206073,3.61582994090537
2022-11-13,2.40583178494721,5.42988249643758,12.5506259168056,16.2208638280426,0,100993.679105672,285.770547197101,344.467859640248,1.6061628518385
2022-11-14,-0.835871520866168,3.35870300014098,14.2731755075798,17.0787627509804,0,100775.912255274,324.290091574852,329.895814750889,0.78835499390361
2022-11-15,-2.63454896753617,0.140419254465531,15.6432781140724,17.8933117186994,0,100490.784646657,269.089308457596,352.28157830038,0.928746979119325
2022-11-16,-1.51009982916462,-3.21537682236013,16.1839202513397,18.1396508726242,0,100126.335240958,234.234450725207,367.063430118775,14.4024505112902
2022-11-17,-1.63055267137233,-3.59454517257322,15.7230677029067,17.3802407315338,0,99761.8122169445,202.398926015099,375.080597922214,16.4101540760883
2022-11-18,2.8605250743832,-4.90727369226817,14.6347261101351,16.9747449195011,0,99464.7623159463,172.937380704187,364.882709613954,19.1257081397713
2022-11-19,2.99020615853426,-5.90865677189213,14.5488459589867,17.2579260201005,0,99698.0393829194,255.150822616193,346.464204358948,19.5027047993715
2022-11-20,6.14733748390643,-4.61345059910274,14.4585348431918,16.9000131264712,0,99857.2370517684,285.943409774712,341.206315561609,8.06321240962689
2022-11-21,4.05082662346442,-5.18077467222899,15.4790262827765,17.6638216885904,0,99892.0313922232,216.498750262272,353.616713303332,8.31945232669892
2022-11-22,8.20683418971169,-3.50662870157746,13.9712254076696,16.6438981715761,0,99115.8270014705,174.481619730849,369.905360339344,39.17525444799
2022-11-23,9.34032943367243,-2.74048312916075,11.1101757043255,16.1016100867297,0,99917.8869193785,242.952486722745,364.736480542202,39.2017620256181
2022-11-24,11.1157136643846,0.491323297278771,9.43148460725223,15.056068180149,0,99798.1912884956,279.7203569807,337.372570767419,15.0582676170531
2022-11-25,6.16656298795504,0.856511862025898,9.3626999233399,15.9569999307707,0,100136.789041687,303.586916862921,321.503537589478,8.32043408883329
2022-11-26,1.59732850889873,-3.36677370883009,12.6348142450891,16.3859631803932,0,99964.8786522332,282.198053926464,336.202738193404,4.16168968761821
2022-11-27,5.79634049209684,2.12733911738145,11.3539109850801,15.5269887814672,0,99823.581857872,260.959005223937,334.009302117126,5.60880707368786
2022-11-28,4.32002415489034,0.126115686502399,8.9030558198105,15.6210791422857,0,100709.229560483,238.175717494748,348.441475720462,5.23868274902825
2022-11-29,4.55075044084635,-4.31117106895245,14.3899918482602,17.9155933750714,0,100352.494579266,268.685962443169,352.192569300184,3.85636166382739
2022-11-30,8.58782296783711,4.83320849224451,11.2170989093951,15.6146952271247,0,99865.2110776767,226.455634732692,368.087033621038,7.70094218204228
2022-12-01,5.58787531609185,6.6695885400065,9.70572103737351,15.8080465063975,0,100092.455317468,246.524979993381,334.047448831496,7.78144667706108
2022-12-02,2.1860134428672,5.77722493178197,9.16564284106124,15.5974324586978,0,100194.529048531,256.453054034199,348.206237648513,0.379941946003361
2022-12-03,0.925994144893912,2.86935337074451,11.1455911963,15.9531944003507,0,100790.604921087,293.353452268323,330.150126180023,0.212060621025127
2022-12-04,4.08567537922411,3.02162637455974,10.950580414058,16.2642827240299,0,101150.77671522,334.82318463731,325.725107313097,0.150209606559468
2022-12-05,1.40661150873651,0.902527068682258,11.8682251360479,16.3273083745723,0,100960.074282202,315.923542818458,338.637770127359,0.109957359050068
2022-12-06,-3.81728173923404,0.400645152042458,13.9194234028024,17.2584361817873,0,100278.496548753,264.059007449103,361.494009820747,9.43669763561836
2022-12-07,-10.7464974336891,-0.206161339709053,12.5725873888535,15.7814353697651,0,100275.788169691,121.741247301596,377.337611855775,9.56629023735594
2022-12-08,-9.87278934285676,-3.03171596234884,14.0648557187997,17.33276811836,0,100416.286786532,115.783250459922,371.062477341902,7.03825274133875
2022-12-09,-0.305571407087428,-2.98684351744719,17.6428838397429,18.9366061562276,0,100577.816993571,168.563957490618,387.853389450452,2.92270587403619
2022-12-10,2.53850800025531,-3.24884069574392,17.4470029771704,18.9240037837499,0,100705.943858845,195.634237144571,387.878820593366,10.4930736922065
2022-12-11,1.7746078935996,1.74064758561651,15.9814654484916,17.5235548010455,0,100805.646305235,201.765096563857,384.051433584904,11.1616537057163
2022-12-12,-1.11759598598271,2.84415547405313,15.5946502911519,18.4648306893803,0,100850.231881584,297.196763577217,351.868322228038,1.67292267697604
2022-12-13,-5.46612167856097,-0.78190375776167,16.5381718466774,18.9312287762864,0,100680.309186635,332.996603400549,341.371617990546,6.95676648418557
2022-12-14,-7.3996609767888,-1.06589909983658,17.4868494337914,18.7129485151319,0,100108.457614359,194.326243640644,383.669966441203,17.3497004386858
2022-12-15,-1.36673828108003,-1.44819099884589,18.5069219458096,20.0725845628975,0,100057.908954496,243.448026111897,399.691586476624,17.431186695839
2022-12-16,1.72964045149854,0.0189055878812674,17.1984822545975,19.3871065019227,0,100446.664028087,279.155672560502,390.549090599269,4.24219418263701
2022-12-17,1.26462610199434,0.0441796686896244,16.6440316202318,18.3335812543523,0,100300.066715046,223.666785147227,382.474702724275,9.59967014992471
2022-12-18,3.23552359019453,1.43735861591622,15.8295719804098,18.3847353045628,0,100229.149029818,297.064235601049,379.467470074769,9.63403182462786
2022-12-19,0.552169396698183,-0.40431622797593,15.5962454384247,18.9080646780778,0,100116.954717769,340.56798429993,336.743149980313,3.69829796019292
2022-12-20,1.07445551089456,0.471248782454349,15.8257694071132,19.0982860464618,0,100091.161184984,334.028016780297,349.414216936898,3.86912457157428
2022-12-21,0.499531990350354,-2.1265343764423,15.9403622091709,19.9012943295376,0,100408.766094458,348.767432564633,335.79583990679,0.539969173906585
2022-12-22,3.05421696832979,-2.47079135504897,15.9354962043591,19.3354560781791,0,100877.931741262,317.513878532483,346.699442430896,1.00041561492874
2022-12-23,4.43770447704052,-0.719775610363886,15.9088137408879,19.0733846408876,0,100920.684609032,345.183415122156,337.366212981691,1.02986847896001
2022-12-24,2.56042507487073,2.05875436606954,15.4470749995256,18.6750448806229,0,100952.665954925,303.362195512026,349.032749793198,1.04459491097564
2022-12-25,1.15261224419533,4.33477390689808,15.4027170152645,19.2637025263474,0,101083.853792243,326.68135723181,341.734011777061,1.09171949342568
2022-12-26,0.332067731400611,2.32505594697568,16.4907202434631,19.4535929790427,0,101179.394866512,313.054024030108,347.500523432667,2.64094014147039
2022-12-27,-1.23819048979921,1.26615385903128,16.7427696251544,20.3683128833599,0,101294.212315364,308.634504129175,357.660265026557,2.85889133530177
2022-12-28,-1.35732790278255,-1.91459016300191,15.2930063306172,20.501010074526,0,101649.071966873,348.185461886675,352.554963086699,0.711777547422313
2022-12-29,2.82361210660987,3.90869518665411,16.62211848598,20.1358032475916,0,101461.941959456,319.115738418349,358.270612456478,0.771665037619225
2022-12-30,-0.334004915706689,2.48167144545882,16.5302927859059,19.8413020728082,0,101118.435027049,296.499551180851,366.103404473795,0.274893397625167
2022-12-31,-4.98829707214859,-0.746078176751482,14.3993532681133,19.4451959934421,0,101369.163509324,334.350693591838,355.320599878528,2.35819264677021
