Date,outflow
2018-12-31,NA
2019-01-01,NA
2019-01-02,NA
2019-01-03,NA
2019-01-04,0
2019-01-05,0
2019-01-06,0
2019-01-07,0
2019-01-08,0
2019-01-09,0
2019-01-10,0
2019-01-11,0
2019-01-12,0
2019-01-13,0
2019-01-14,0
2019-01-15,0
2019-01-16,0
2019-01-17,0
2019-01-18,0
2019-01-19,0
2019-01-20,0
2019-01-21,0
2019-01-22,0
2019-01-23,0
2019-01-24,0
2019-01-25,0
2019-01-26,0
2019-01-27,0
2019-01-28,0
2019-01-29,0
2019-01-30,0
2019-01-31,0
2019-02-01,0
2019-02-02,0
2019-02-03,0
2019-02-04,0
2019-02-05,0
2019-02-06,0
2019-02-07,0
2019-02-08,0
2019-02-09,0
2019-02-10,0
2019-02-11,0
2019-02-12,0
2019-02-13,0
2019-02-14,0
2019-02-15,0
2019-02-16,0
2019-02-17,0
2019-02-18,0
2019-02-19,0
2019-02-20,0
2019-02-21,0
2019-02-22,0
2019-02-23,0
2019-02-24,0
2019-02-25,0
2019-02-26,0
2019-02-27,0
2019-02-28,0
2019-03-01,0
2019-03-02,0
2019-03-03,0
2019-03-04,0
2019-03-05,0
2019-03-06,0
2019-03-07,0
2019-03-08,0
2019-03-09,0
2019-03-10,0
2019-03-11,0
2019-03-12,0
2019-03-13,0
2019-03-14,0
2019-03-15,0
2019-03-16,0
2019-03-17,0
2019-03-18,0
2019-03-19,0
2019-03-20,0
2019-03-21,0
2019-03-22,0
2019-03-23,0
2019-03-24,0
2019-03-25,0
2019-03-26,0
2019-03-27,0
2019-03-28,0
2019-03-29,0
2019-03-30,0
2019-03-31,0
2019-04-01,0
2019-04-02,0
2019-04-03,0
2019-04-04,0
2019-04-05,0
2019-04-06,0
2019-04-07,0
2019-04-08,0
2019-04-09,0
2019-04-10,0
2019-04-11,0
2019-04-12,0
2019-04-13,0
2019-04-14,0
2019-04-15,0
2019-04-16,0
2019-04-17,0
2019-04-18,0
2019-04-19,0
2019-04-20,0
2019-04-21,0
2019-04-22,0
2019-04-23,4054.88436216321
2019-04-24,6930.34980580067
2019-04-25,7496.18005675617
2019-04-26,7287.59710329832
2019-04-27,7065.64950557288
2019-04-28,2583.17780505251
2019-04-29,1837.4845929
2019-04-30,1791.49124024523
2019-05-01,1748.82412311923
2019-05-02,1681.98385586851
2019-05-03,8132.66635758444
2019-05-04,15029.4670626198
2019-05-05,25784.1804785778
2019-05-06,29281.9908174116
2019-05-07,39148.6679833044
2019-05-08,36785.7803076526
2019-05-09,33037.7918070905
2019-05-10,23936.3853279777
2019-05-11,21746.3066702037
2019-05-12,13051.6204974229
2019-05-13,10046.7228832757
2019-05-14,7855.00505491812
2019-05-15,7086.09944099607
2019-05-16,9818.33375875158
2019-05-17,11783.033100479
2019-05-18,14472.2547549331
2019-05-19,15485.3234275058
2019-05-20,16020.7444474342
2019-05-21,18869.7513940701
2019-05-22,20632.8030652162
2019-05-23,19457.682359131
2019-05-24,23382.1083633414
2019-05-25,25029.7818562946
2019-05-26,22494.1328911607
2019-05-27,26983.7785180612
2019-05-28,28867.4382909324
2019-05-29,26405.1389442681
2019-05-30,25845.8149013286
2019-05-31,23601.5752769868
2019-06-01,16146.040989254
2019-06-02,14342.1230207314
2019-06-03,23287.7153852936
2019-06-04,23730.3194325823
2019-06-05,23854.0440727738
2019-06-06,23915.9697806898
2019-06-07,29930.3128729708
2019-06-08,23524.6904400935
2019-06-09,23728.1771695057
2019-06-10,24199.0047256266
2019-06-11,24405.2429081972
2019-06-12,20244.4920450909
2019-06-13,18573.2979674266
2019-06-14,19210.7399808349
2019-06-15,39126.4871467214
2019-06-16,42276.3817643573
2019-06-17,48819.5544240805
2019-06-18,55161.3363891331
2019-06-19,61797.6141678206
2019-06-20,45370.1774286777
2019-06-21,44431.1188723347
2019-06-22,37199.1747766734
2019-06-23,30306.717386269
2019-06-24,23266.7573202998
2019-06-25,20067.2462481563
2019-06-26,18251.7631846022
2019-06-27,16911.4121952478
2019-06-28,15952.4142212053
2019-06-29,15852.9606202772
2019-06-30,15623.1371616508
2019-07-01,15328.3347254687
2019-07-02,16062.0173495751
2019-07-03,15616.7052486211
2019-07-04,14383.4731588317
2019-07-05,14731.8892180446
2019-07-06,14653.8791263854
2019-07-07,13340.5208517024
2019-07-08,17530.970037599
2019-07-09,20266.8738493629
2019-07-10,19908.858345887
2019-07-11,19773.4656293441
2019-07-12,20050.9526791003
2019-07-13,16668.5768914786
2019-07-14,14134.7468259075
2019-07-15,13180.9893709167
2019-07-16,12692.9703007508
2019-07-17,12001.3333584673
2019-07-18,10279.3476005536
2019-07-19,9362.3933289071
2019-07-20,8854.69559021382
2019-07-21,8471.09635254937
2019-07-22,8277.23775223223
2019-07-23,8545.08862694881
2019-07-24,8520.74413569451
2019-07-25,8295.02722566955
2019-07-26,8038.3913965081
2019-07-27,7632.74459817127
2019-07-28,6768.11926944222
2019-07-29,6178.50799692014
2019-07-30,5746.91602060692
2019-07-31,5451.68316130132
2019-08-01,5130.59232941133
2019-08-02,4871.82494997443
2019-08-03,4689.58055334598
2019-08-04,4505.89621702284
2019-08-05,4260.29629791276
2019-08-06,4081.85736550369
2019-08-07,3844.95657148513
2019-08-08,3614.86257323196
2019-08-09,4323.40380276815
2019-08-10,4946.06077041623
2019-08-11,5622.44737880284
2019-08-12,5918.81413233199
2019-08-13,5970.70471731692
2019-08-14,5195.2463536408
2019-08-15,8897.29677404869
2019-08-16,18330.5126543044
2019-08-17,22154.0053202428
2019-08-18,25723.3741115265
2019-08-19,28969.6862917289
2019-08-20,30985.6228981949
2019-08-21,23910.1877356485
2019-08-22,22298.6139980995
2019-08-23,20649.5549828639
2019-08-24,18985.8867311562
2019-08-25,13868.4129134005
2019-08-26,11861.4940330498
2019-08-27,13907.1774689499
2019-08-28,20413.5852013018
2019-08-29,22291.1611320264
2019-08-30,22810.6293777901
2019-08-31,23029.9952642571
2019-09-01,19567.8717817043
2019-09-02,12021.6493979384
2019-09-03,18698.7040113265
2019-09-04,20997.2410161502
2019-09-05,21696.8246153314
2019-09-06,23918.7767075532
2019-09-07,25336.4437380096
2019-09-08,16599.5315387707
2019-09-09,13696.2745997947
2019-09-10,15858.2170934281
2019-09-11,18102.5783339462
2019-09-12,20526.2385435662
2019-09-13,22876.4348857748
2019-09-14,23736.6033905545
2019-09-15,20971.0792259547
2019-09-16,16530.8469100949
2019-09-17,12727.6789731929
2019-09-18,10343.1920670649
2019-09-19,9322.6987372114
2019-09-20,14633.989932293
2019-09-21,17229.5484822594
2019-09-22,18042.84873677
2019-09-23,41489.3386101853
2019-09-24,52518.2940280305
2019-09-25,51062.4350401268
2019-09-26,49951.1391039914
2019-09-27,49789.1212529403
2019-09-28,26420.6208623011
2019-09-29,15551.3901747304
2019-09-30,11455.3642328107
2019-10-01,9932.23705770826
2019-10-02,9293.11553299435
2019-10-03,8742.49803696775
2019-10-04,8391.72818063824
2019-10-05,7973.94638097032
2019-10-06,7512.21113162635
2019-10-07,7384.64639408603
2019-10-08,6929.21719820795
2019-10-09,6480.83981444474
2019-10-10,6571.77366922861
2019-10-11,6316.27992635207
2019-10-12,5824.70907166698
2019-10-13,5671.81077120899
2019-10-14,5360.31669484398
2019-10-15,4593.17924667746
2019-10-16,4345.78245561211
2019-10-17,4090.02494247582
2019-10-18,3815.48241277143
2019-10-19,3737.79006790006
2019-10-20,3613.91463690966
2019-10-21,3584.97649258215
2019-10-22,3517.16116515149
2019-10-23,3303.62336637153
2019-10-24,3177.07451220596
2019-10-25,2982.34633232749
2019-10-26,2714.8158246053
2019-10-27,2410.3099300252
2019-10-28,2245.37529660565
2019-10-29,2044.04286479105
2019-10-30,2060.95187648407
2019-10-31,1847.39295281534
2019-11-01,1699.1691121312
2019-11-02,1685.55048370082
2019-11-03,1587.90426358433
2019-11-04,2712.34136452232
2019-11-05,4137.47755443267
2019-11-06,4768.5093763794
2019-11-07,4987.93417472239
2019-11-08,5184.55241423514
2019-11-09,4043.7297805975
2019-11-10,2784.6956443832
2019-11-11,2269.29526867547
2019-11-12,2055.19393082537
2019-11-13,1910.9097459308
2019-11-14,1810.13695185185
2019-11-15,1698.86016767491
2019-11-16,1632.3088648593
2019-11-17,1538.17446053898
2019-11-18,1433.7744413647
2019-11-19,1626.17583431707
2019-11-20,1516.72024151931
2019-11-21,1427.92095247754
2019-11-22,1361.17503684254
2019-11-23,1315.89959032419
2019-11-24,987.771064066101
2019-11-25,890.919113127634
2019-11-26,1387.93342727229
2019-11-27,1789.20678614403
2019-11-28,1667.48596385013
2019-11-29,1620.17279409425
2019-11-30,1575.34308373969
2019-12-01,919.010037925804
2019-12-02,2410.02458260424
2019-12-03,7265.92153853326
2019-12-04,10398.7876514792
2019-12-05,11940.0166129817
2019-12-06,12938.223821306
2019-12-07,11690.4206966276
2019-12-08,7509.19386379527
2019-12-09,4929.57431756742
2019-12-10,3980.82400173258
2019-12-11,3590.80943250578
2019-12-12,3400.3686301875
2019-12-13,3275.18302334088
2019-12-14,3441.24031263012
2019-12-15,3252.33789065706
2019-12-16,2920.40433985012
2019-12-17,2518.06555237782
2019-12-18,2170.30656976716
2019-12-19,1566.16484483011
2019-12-20,1295.00493759522
2019-12-21,1123.71933206179
2019-12-22,1027.44139664928
2019-12-23,1380.5285249513
2019-12-24,1359.53102722214
2019-12-25,1395.87035524847
2019-12-26,1454.4280585695
2019-12-27,2402.8705225128
2019-12-28,3710.71806214538
2019-12-29,3927.5008503005
2019-12-30,4043.31168444118
2019-12-31,4186.8817723924
2020-01-01,3324.66919808593
2020-01-02,1637.19560494924
2020-01-03,1428.33080997959
2020-01-04,1194.24799211379
2020-01-05,945.656248129714
2020-01-06,805.749716298035
2020-01-07,637.258014983299
2020-01-08,454.434445166608
2020-01-09,386.51111113783
2020-01-10,338.245727644724
2020-01-11,127.784715676049
2020-01-12,0
2020-01-13,0
2020-01-14,0
2020-01-15,0
2020-01-16,0
2020-01-17,0
2020-01-18,0
2020-01-19,0
2020-01-20,0
2020-01-21,0
2020-01-22,0
2020-01-23,0
2020-01-24,0
2020-01-25,0
2020-01-26,0
2020-01-27,0
2020-01-28,0
2020-01-29,0
2020-01-30,0
2020-01-31,0
2020-02-01,0
2020-02-02,0
2020-02-03,0
2020-02-04,0
2020-02-05,0
2020-02-06,0
2020-02-07,0
2020-02-08,0
2020-02-09,0
2020-02-10,0
2020-02-11,0
2020-02-12,0
2020-02-13,0
2020-02-14,0
2020-02-15,0
2020-02-16,0
2020-02-17,0
2020-02-18,0
2020-02-19,0
2020-02-20,0
2020-02-21,0
2020-02-22,0
2020-02-23,0
2020-02-24,0
2020-02-25,0
2020-02-26,0
2020-02-27,0
2020-02-28,0
2020-02-29,0
2020-03-01,0
2020-03-02,0
2020-03-03,0
2020-03-04,0
2020-03-05,0
2020-03-06,0
2020-03-07,0
2020-03-08,0
2020-03-09,0
2020-03-10,0
2020-03-11,0
2020-03-12,0
2020-03-13,0
2020-03-14,0
2020-03-15,0
2020-03-16,0
2020-03-17,0
2020-03-18,0
2020-03-19,0
2020-03-20,0
2020-03-21,0
2020-03-22,0
2020-03-23,0
2020-03-24,0
2020-03-25,0
2020-03-26,0
2020-03-27,0
2020-03-28,0
2020-03-29,0
2020-03-30,0
2020-03-31,0
2020-04-01,0
2020-04-02,0
2020-04-03,0
2020-04-04,0
2020-04-05,0
2020-04-06,0
2020-04-07,0
2020-04-08,0
2020-04-09,0
2020-04-10,0
2020-04-11,0
2020-04-12,0
2020-04-13,0
2020-04-14,0
2020-04-15,0
2020-04-16,0
2020-04-17,0
2020-04-18,0
2020-04-19,0
2020-04-20,0
2020-04-21,0
2020-04-22,0
2020-04-23,0
2020-04-24,0
2020-04-25,0
2020-04-26,0
2020-04-27,0
2020-04-28,0
2020-04-29,0
2020-04-30,0
2020-05-01,0
2020-05-02,0
2020-05-03,0
2020-05-04,0
2020-05-05,0
2020-05-06,0
2020-05-07,1182.06806987377
2020-05-08,2885.58405662007
2020-05-09,4058.47714338555
2020-05-10,3958.42971951714
2020-05-11,3982.78404046217
2020-05-12,3796.46603690375
2020-05-13,3767.34798479406
2020-05-14,3791.68556634543
2020-05-15,3863.64554524394
2020-05-16,3151.10668905618
2020-05-17,2062.48514452273
2020-05-18,1795.7201286206
2020-05-19,1685.28863604573
2020-05-20,1391.37314175959
2020-05-21,1193.06671389203
2020-05-22,1841.97837923248
2020-05-23,2241.91649909445
2020-05-24,2249.2323760855
2020-05-25,2472.17891351099
2020-05-26,2563.07288503686
2020-05-27,2390.15791234705
2020-05-28,2094.7795447581
2020-05-29,2106.71980010224
2020-05-30,2109.06059564206
2020-05-31,2154.40507293119
2020-06-01,1636.49418501383
2020-06-02,1535.57364242376
2020-06-03,1556.63046752561
2020-06-04,1487.02258425805
2020-06-05,1396.08933643379
2020-06-06,1429.53296996413
2020-06-07,16642.2543960337
2020-06-08,30892.2220835976
2020-06-09,36012.0669036721
2020-06-10,39793.9011134874
2020-06-11,41586.3575939651
2020-06-12,27712.1384617603
2020-06-13,14503.9416312327
2020-06-14,15208.0649192822
2020-06-15,15208.4553646211
2020-06-16,16017.8339421204
2020-06-17,16819.732089308
2020-06-18,17340.1796393027
2020-06-19,13066.4419666599
2020-06-20,10777.6920791374
2020-06-21,9396.98578619458
2020-06-22,8347.54653611849
2020-06-23,9351.79389740739
2020-06-24,9933.1281282752
2020-06-25,14939.752629869
2020-06-26,17012.4732118623
2020-06-27,19076.0509853788
2020-06-28,21005.918775695
2020-06-29,25226.000726127
2020-06-30,25334.2334854761
2020-07-01,26798.0893936911
2020-07-02,27137.9685083047
2020-07-03,25862.9458106328
2020-07-04,21951.8846767911
2020-07-05,17671.6303831948
2020-07-06,15737.7510366688
2020-07-07,15391.9723877732
2020-07-08,14468.5944774007
2020-07-09,19935.9857095298
2020-07-10,24538.3637379651
2020-07-11,25374.5174654199
2020-07-12,24869.5077714279
2020-07-13,24761.550064845
2020-07-14,18953.9791671298
2020-07-15,14022.3347506353
2020-07-16,12128.2302288652
2020-07-17,12168.4293955084
2020-07-18,15210.8066670122
2020-07-19,18772.2890499866
2020-07-20,20053.6242722676
2020-07-21,20670.9041333502
2020-07-22,20521.964467426
2020-07-23,18258.9271080728
2020-07-24,14897.0770874683
2020-07-25,13666.216812759
2020-07-26,13061.4528427115
2020-07-27,14036.0755446174
2020-07-28,13691.5813346598
2020-07-29,13367.8400486822
2020-07-30,13105.0085044156
2020-07-31,15658.5334784976
2020-08-01,18263.7169890761
2020-08-02,18948.2464703816
2020-08-03,19447.7137482891
2020-08-04,19762.1670774356
2020-08-05,17361.106271806
2020-08-06,13405.3006170648
2020-08-07,11749.1749698638
2020-08-08,10905.1751543914
2020-08-09,11933.3528104479
2020-08-10,13206.9854771688
2020-08-11,14141.7854088962
2020-08-12,15758.8636474059
2020-08-13,16376.1207886198
2020-08-14,15110.1787438502
2020-08-15,13459.6272275352
2020-08-16,11815.8606916721
2020-08-17,15983.3210241772
2020-08-18,18807.5749100365
2020-08-19,19784.498466731
2020-08-20,20067.5389792766
2020-08-21,20235.2992423013
2020-08-22,14223.3404107441
2020-08-23,10542.6523201968
2020-08-24,9025.7661144047
2020-08-25,8290.76374852546
2020-08-26,7698.80853981757
2020-08-27,7164.67552219158
2020-08-28,9042.36088930875
2020-08-29,25638.553352827
2020-08-30,44548.597224535
2020-08-31,51148.6718563453
2020-09-01,53934.9572849571
2020-09-02,57685.475438244
2020-09-03,47036.6195852099
2020-09-04,31153.0485225631
2020-09-05,26245.5269690361
2020-09-06,24711.3003191257
2020-09-07,19676.7156935219
2020-09-08,14262.0541291465
2020-09-09,11831.7416590572
2020-09-10,12495.3706873269
2020-09-11,17658.8890747387
2020-09-12,20567.820288489
2020-09-13,26994.7006918003
2020-09-14,30412.3018855235
2020-09-15,30046.7848310335
2020-09-16,28895.8126181323
2020-09-17,29138.5432404065
2020-09-18,30975.4188484674
2020-09-19,36217.7525299301
2020-09-20,40873.8928791454
2020-09-21,38447.9776691576
2020-09-22,35912.3622926212
2020-09-23,28009.078348318
2020-09-24,19567.6479171538
2020-09-25,13829.7158253171
2020-09-26,12324.1487274373
2020-09-27,11834.7140589671
2020-09-28,11335.2986772173
2020-09-29,10825.7776145276
2020-09-30,10525.8051965262
2020-10-01,10034.2737909293
2020-10-02,9198.76890179078
2020-10-03,8885.15866860145
2020-10-04,8534.52247016773
2020-10-05,7897.09858927746
2020-10-06,7411.08008501366
2020-10-07,7138.28183009738
2020-10-08,6698.50920009225
2020-10-09,6425.60468032007
2020-10-10,6236.44201745058
2020-10-11,5687.13576245566
2020-10-12,5406.67232282498
2020-10-13,5157.40003082249
2020-10-14,4928.68371889055
2020-10-15,4833.14247148913
2020-10-16,8220.98338993238
2020-10-17,8985.97393798968
2020-10-18,9232.90793762046
2020-10-19,9390.46281045607
2020-10-20,9322.24883759071
2020-10-21,5740.72727224241
2020-10-22,4664.99207516604
2020-10-23,4092.24574492813
2020-10-24,3550.89722787315
2020-10-25,9218.09431361241
2020-10-26,19963.8268570682
2020-10-27,26534.6031687604
2020-10-28,28903.7922920169
2020-10-29,30290.9054278371
2020-10-30,25209.12387696
2020-10-31,16031.9285410023
2020-11-01,10555.5623547733
2020-11-02,8997.99724784832
2020-11-03,8232.03942104798
2020-11-04,7693.67083100085
2020-11-05,6209.89217238598
2020-11-06,5398.02691756045
2020-11-07,4869.75683918254
2020-11-08,4521.98374387845
2020-11-09,5243.08133059135
2020-11-10,5706.12913696313
2020-11-11,5865.09670917011
2020-11-12,5662.12078340685
2020-11-13,7219.20097167224
2020-11-14,7137.14563672807
2020-11-15,7124.05686827985
2020-11-16,6871.48436053359
2020-11-17,6894.52287456666
2020-11-18,5215.4531828691
2020-11-19,4275.60365001886
2020-11-20,3995.23734773318
2020-11-21,3863.09667106821
2020-11-22,3973.73013052846
2020-11-23,4028.76208928809
2020-11-24,3867.00943509205
2020-11-25,3834.51502825381
2020-11-26,3671.51488296108
2020-11-27,3199.90019348273
2020-11-28,2953.9504286769
2020-11-29,2833.09501209954
2020-11-30,2148.98561800882
2020-12-01,1902.33048644209
2020-12-02,1820.89360966526
2020-12-03,1735.4440766614
2020-12-04,1675.81693608228
2020-12-05,1791.33263215007
2020-12-06,1853.96558240023
2020-12-07,1841.45690797556
2020-12-08,2733.94218945816
2020-12-09,2857.71645995894
2020-12-10,2739.95540042104
2020-12-11,13397.604604187
2020-12-12,20833.3194618449
2020-12-13,22373.2443307517
2020-12-14,24076.1997387872
2020-12-15,28676.6428076199
2020-12-16,19539.3830983729
2020-12-17,13187.6420180508
2020-12-18,11717.971504409
2020-12-19,10544.1056176289
2020-12-20,6469.10868567733
2020-12-21,5397.8555565824
2020-12-22,4827.40351627082
2020-12-23,4168.38133026469
2020-12-24,3806.79304669644
2020-12-25,3553.31155641084
2020-12-26,3346.56489714873
2020-12-27,3105.49592915927
2020-12-28,2821.25131388526
2020-12-29,2757.7153643466
2020-12-30,2489.26569793965
2020-12-31,2228.26192812738
2021-01-01,2093.94542009608
2021-01-02,2091.2175476046
2021-01-03,1860.5024254757
2021-01-04,1723.4485645012
2021-01-05,1576.25474999516
2021-01-06,1404.58797123164
2021-01-07,1223.20525389394
2021-01-08,1050.96444386994
2021-01-09,875.371266815959
2021-01-10,774.657748005062
2021-01-11,685.729374109678
2021-01-12,610.33197413053
2021-01-13,574.234762001848
2021-01-14,575.988736094494
2021-01-15,573.509951815678
2021-01-16,428.996983260045
2021-01-17,259.41510783205
2021-01-18,55.3398128305167
2021-01-19,0
2021-01-20,0
2021-01-21,0
2021-01-22,0
2021-01-23,0
2021-01-24,0
2021-01-25,0
2021-01-26,0
2021-01-27,0
2021-01-28,0
2021-01-29,0
2021-01-30,0
2021-01-31,0
2021-02-01,0
2021-02-02,0
2021-02-03,0
2021-02-04,0
2021-02-05,0
2021-02-06,0
2021-02-07,0
2021-02-08,0
2021-02-09,0
2021-02-10,0
2021-02-11,0
2021-02-12,0
2021-02-13,0
2021-02-14,0
2021-02-15,0
2021-02-16,0
2021-02-17,0
2021-02-18,0
2021-02-19,0
2021-02-20,0
2021-02-21,0
2021-02-22,0
2021-02-23,0
2021-02-24,0
2021-02-25,0
2021-02-26,0
2021-02-27,0
2021-02-28,0
2021-03-01,0
2021-03-02,0
2021-03-03,0
2021-03-04,0
2021-03-05,0
2021-03-06,0
2021-03-07,0
2021-03-08,0
2021-03-09,0
2021-03-10,0
2021-03-11,0
2021-03-12,0
2021-03-13,0
2021-03-14,0
2021-03-15,0
2021-03-16,0
2021-03-17,0
2021-03-18,0
2021-03-19,0
2021-03-20,0
2021-03-21,0
2021-03-22,0
2021-03-23,0
2021-03-24,0
2021-03-25,0
2021-03-26,0
2021-03-27,0
2021-03-28,0
2021-03-29,0
2021-03-30,596.54375452298
2021-03-31,319.917012386164
2021-04-01,119.215516711496
2021-04-02,214.491652407083
2021-04-03,200.847712219819
2021-04-04,54.0754809172989
2021-04-05,0
2021-04-06,0
2021-04-07,0
2021-04-08,404.365877022605
2021-04-09,309.625542222329
2021-04-10,966.759184234773
2021-04-11,2775.74941006182
2021-04-12,3283.59610832824
2021-04-13,2984.94269766233
2021-04-14,3307.36954110306
2021-04-15,3546.82138517352
2021-04-16,2258.9538222447
2021-04-17,2128.61382496428
2021-04-18,2134.91567387408
2021-04-19,2222.93883390668
2021-04-20,1619.39338740243
2021-04-21,1303.22848596669
2021-04-22,1099.0427479281
2021-04-23,871.101508153675
2021-04-24,1778.51196933069
2021-04-25,2831.81748112454
2021-04-26,3722.98500629353
2021-04-27,4513.42740165747
2021-04-28,4982.16593105337
2021-04-29,4259.8692060916
2021-04-30,3355.85058919887
2021-05-01,2647.17031548148
2021-05-02,2078.27581844258
2021-05-03,1831.16928861585
2021-05-04,1671.53700480363
2021-05-05,3873.18643304375
2021-05-06,5607.30090341641
2021-05-07,6124.94460510512
2021-05-08,6513.67153579836
2021-05-09,7091.71967329953
2021-05-10,6091.15151512077
2021-05-11,4718.69256882783
2021-05-12,8252.09058343696
2021-05-13,10833.7127369434
2021-05-14,11596.8936617689
2021-05-15,11284.8034175059
2021-05-16,11463.895886713
2021-05-17,7987.31236115098
2021-05-18,5534.66849232476
2021-05-19,5818.38559667927
2021-05-20,6765.0400368642
2021-05-21,20044.5727608524
2021-05-22,25973.2148089462
2021-05-23,29425.3600184957
2021-05-24,30959.5846352255
2021-05-25,30968.1947729629
2021-05-26,18686.0720928617
2021-05-27,13588.6027241961
2021-05-28,11500.0402171113
2021-05-29,10247.2390401227
2021-05-30,10259.3119674335
2021-05-31,10799.6709912761
2021-06-01,23714.0377595515
2021-06-02,28750.2469881546
2021-06-03,31034.2196179584
2021-06-04,31892.5781701056
2021-06-05,31923.8466209751
2021-06-06,19497.95859976
2021-06-07,14351.8329439543
2021-06-08,12590.4638892714
2021-06-09,11720.7968394018
2021-06-10,11295.2361730521
2021-06-11,10755.149032193
2021-06-12,10555.4815976894
2021-06-13,10102.0562113403
2021-06-14,9690.34381042623
2021-06-15,9314.41715958362
2021-06-16,9183.85281151258
2021-06-17,8840.78663757819
2021-06-18,9155.79446320054
2021-06-19,8927.96688324984
2021-06-20,8641.24848307701
2021-06-21,8423.81119205038
2021-06-22,8166.15891201994
2021-06-23,6713.83916939689
2021-06-24,6399.19561487091
2021-06-25,6023.03291177618
2021-06-26,5676.80627488722
2021-06-27,5465.21397011327
2021-06-28,5377.94862120349
2021-06-29,5037.01036764065
2021-06-30,4941.24925935657
2021-07-01,5057.33237571308
2021-07-02,4935.1053974667
2021-07-03,4821.77288637339
2021-07-04,9036.93058802375
2021-07-05,20944.3639980776
2021-07-06,24162.6528992316
2021-07-07,25382.0637043747
2021-07-08,25968.43973915
2021-07-09,22128.9103397224
2021-07-10,10534.8623437254
2021-07-11,7339.75568472529
2021-07-12,6262.32478236498
2021-07-13,24082.9800614345
2021-07-14,26577.8421554912
2021-07-15,31380.1298009195
2021-07-16,38067.2760710752
2021-07-17,41025.8263414563
2021-07-18,24642.3215308535
2021-07-19,22976.8072790855
2021-07-20,18818.3811446813
2021-07-21,12738.1758039244
2021-07-22,10345.455088044
2021-07-23,8940.58424672695
2021-07-24,9961.24102103978
2021-07-25,10386.3634437222
2021-07-26,12124.8550383477
2021-07-27,14317.9827826831
2021-07-28,15056.5972874968
2021-07-29,13681.4116958604
2021-07-30,13076.2340705322
2021-07-31,11626.3932560873
2021-08-01,9414.0588684158
2021-08-02,12167.9758290424
2021-08-03,27388.9595794692
2021-08-04,34405.003691357
2021-08-05,40308.3551408132
2021-08-06,44658.5173626774
2021-08-07,43717.9312053659
2021-08-08,34938.0000292445
2021-08-09,30038.3720367334
2021-08-10,24845.9891425374
2021-08-11,21730.1035603417
2021-08-12,24073.780786175
2021-08-13,21719.5532046621
2021-08-14,21556.9354958738
2021-08-15,21543.614555583
2021-08-16,24311.2375489951
2021-08-17,22145.3758243894
2021-08-18,19317.5877966569
2021-08-19,18142.9439902058
2021-08-20,17688.2204625885
2021-08-21,14173.6209953812
2021-08-22,11939.551587065
2021-08-23,13367.1917019355
2021-08-24,13369.6861556461
2021-08-25,13143.1232718861
2021-08-26,12864.2331144068
2021-08-27,14350.7909848916
2021-08-28,17669.1144216379
2021-08-29,35317.333833003
2021-08-30,44107.1117165605
2021-08-31,49921.0982162799
2021-09-01,51777.9973666411
2021-09-02,50192.0757614981
2021-09-03,35281.5080288255
2021-09-04,29040.6512040189
2021-09-05,24602.9334651702
2021-09-06,21950.3943191404
2021-09-07,18288.8854098908
2021-09-08,17473.9856133317
2021-09-09,19737.905037814
2021-09-10,20106.4743049706
2021-09-11,20090.5952477499
2021-09-12,19849.1734882075
2021-09-13,17652.9215631933
2021-09-14,12796.4857290748
2021-09-15,11345.4906429301
2021-09-16,10742.5598888652
2021-09-17,10939.6474253294
2021-09-18,11924.8636749105
2021-09-19,12074.8176420357
2021-09-20,12746.3396683199
2021-09-21,14260.8611351143
2021-09-22,14312.6888604089
2021-09-23,13115.3524818113
2021-09-24,12722.0447428844
2021-09-25,11971.3783605279
2021-09-26,10033.0639963571
2021-09-27,8959.82106982477
2021-09-28,8364.02533537831
2021-09-29,7968.33283124297
2021-09-30,8391.69601596271
2021-10-01,8418.50323978455
2021-10-02,8284.74176088961
2021-10-03,8071.70323140702
2021-10-04,7860.75404010115
2021-10-05,6489.28520900269
2021-10-06,5743.29620132626
2021-10-07,5323.41090394175
2021-10-08,4981.12098669505
2021-10-09,4628.51501144464
2021-10-10,4264.72557659341
2021-10-11,4245.03641155193
2021-10-12,3959.51112689761
2021-10-13,3732.26141880547
2021-10-14,3476.24869591365
2021-10-15,3264.18362740504
2021-10-16,2780.3892395943
2021-10-17,2461.51920632496
2021-10-18,2229.81973765224
2021-10-19,2071.79565512634
2021-10-20,1935.70167690782
2021-10-21,2532.35951330652
2021-10-22,2727.72500938315
2021-10-23,2775.7327096775
2021-10-24,2746.40750872543
2021-10-25,2740.47469344814
2021-10-26,2095.00525368515
2021-10-27,2499.73863631424
2021-10-28,2465.98530216636
2021-10-29,2478.60411088135
2021-10-30,2480.03185874995
2021-10-31,2365.48877533722
2021-11-01,2248.41444306805
2021-11-02,2313.03012289453
2021-11-03,2306.22508244667
2021-11-04,2295.37454004129
2021-11-05,2338.30736537809
2021-11-06,1881.31309392571
2021-11-07,1775.01585875322
2021-11-08,1691.94278633219
2021-11-09,1556.68033997126
2021-11-10,1438.07359010301
2021-11-11,1211.78653782285
2021-11-12,1009.81164868403
2021-11-13,2127.00019764197
2021-11-14,2562.99940070068
2021-11-15,2690.18346300572
2021-11-16,2930.73692981146
2021-11-17,3113.56298883711
2021-11-18,2241.4618274145
2021-11-19,4218.65754962109
2021-11-20,4590.10187033491
2021-11-21,4826.12833843626
2021-11-22,5052.90369780252
2021-11-23,5143.16907020019
2021-11-24,2993.18768234607
2021-11-25,5076.16804900932
2021-11-26,6168.716266601
2021-11-27,6454.76514297196
2021-11-28,6478.05994657582
2021-11-29,6464.63723532784
2021-11-30,4058.484676311
2021-12-01,2750.44048976896
2021-12-02,2222.57297029832
2021-12-03,1785.21113861409
2021-12-04,1492.49121857856
2021-12-05,1130.26425387587
2021-12-06,749.350025221806
2021-12-07,441.676462838307
2021-12-08,386.373191719935
2021-12-09,424.131254624789
2021-12-10,771.729187134293
2021-12-11,764.253575951658
2021-12-12,802.498560583105
2021-12-13,715.692860132675
2021-12-14,597.203748258837
2021-12-15,231.488725759551
2021-12-16,214.12010897729
2021-12-17,221.001493018783
2021-12-18,190.313459493293
2021-12-19,69.9282297244547
2021-12-20,56.3079704547156
2021-12-21,170.009234298272
2021-12-22,494.85787774263
2021-12-23,580.859090630049
2021-12-24,705.536861876362
2021-12-25,744.054795137814
2021-12-26,625.151015163847
2021-12-27,258.869445205804
2021-12-28,217.1351268874
2021-12-29,318.373069651025
2021-12-30,972.610718709788
2021-12-31,2461.50968917313
2022-01-01,2849.80729847683
2022-01-02,2983.33486497946
2022-01-03,2869.4843894038
2022-01-04,2122.99648709191
2022-01-05,1883.47799770839
2022-01-06,3062.05936588557
2022-01-07,3142.62901211209
2022-01-08,3308.3671418947
2022-01-09,3692.00568463132
2022-01-10,3003.09874649979
2022-01-11,1640.7038533239
2022-01-12,1595.93692775777
2022-01-13,1578.97605127048
2022-01-14,1382.12760243794
2022-01-15,875.62941840732
2022-01-16,1710.67202821282
2022-01-17,1702.05779955247
2022-01-18,1664.7610370141
2022-01-19,1667.3768776865
2022-01-20,1747.60063468186
2022-01-21,821.639251465272
2022-01-22,684.449474717232
2022-01-23,557.95888812193
2022-01-24,634.753441574126
2022-01-25,1365.07779220662
2022-01-26,1315.69664247269
2022-01-27,1265.87963816247
2022-01-28,1190.03989849771
2022-01-29,883.873557315167
2022-01-30,0
2022-01-31,0
2022-02-01,0
2022-02-02,0
2022-02-03,0
2022-02-04,0
2022-02-05,0
2022-02-06,0
2022-02-07,0
2022-02-08,0
2022-02-09,0
2022-02-10,0
2022-02-11,0
2022-02-12,0
2022-02-13,0
2022-02-14,0
2022-02-15,0
2022-02-16,0
2022-02-17,0
2022-02-18,0
2022-02-19,0
2022-02-20,0
2022-02-21,0
2022-02-22,0
2022-02-23,0
2022-02-24,0
2022-02-25,1714.90642142307
2022-02-26,5368.76221903634
2022-02-27,8676.64698146942
2022-02-28,10021.613926502
2022-03-01,10850.0985771497
2022-03-02,8052.32547227444
2022-03-03,4991.29836662214
2022-03-04,2229.45480453259
2022-03-05,1328.30855073693
2022-03-06,908.181931044476
2022-03-07,660.418019093855
2022-03-08,369.397455078995
2022-03-09,276.486936604698
2022-03-10,131.014874763111
2022-03-11,71.2352501468326
2022-03-12,37.2148988714746
2022-03-13,86.3383608830817
2022-03-14,199.763934982632
2022-03-15,329.292890132869
2022-03-16,410.082311645696
2022-03-17,226.441529652946
2022-03-18,0
2022-03-19,0
2022-03-20,0
2022-03-21,0
2022-03-22,0
2022-03-23,0
2022-03-24,0
2022-03-25,46.7775622897243
2022-03-26,676.425099541044
2022-03-27,309.947520694155
2022-03-28,155.427427173604
2022-03-29,0
2022-03-30,0
2022-03-31,0
2022-04-01,0
2022-04-02,0
2022-04-03,0
2022-04-04,0
2022-04-05,0
2022-04-06,0
2022-04-07,0
2022-04-08,0
2022-04-09,0
2022-04-10,0
2022-04-11,0
2022-04-12,0
2022-04-13,0
2022-04-14,0
2022-04-15,0
2022-04-16,0
2022-04-17,0
2022-04-18,0
2022-04-19,726.326411266015
2022-04-20,1276.69143498583
2022-04-21,198.812414360177
2022-04-22,647.846798943209
2022-04-23,714.852299528962
2022-04-24,556.274007129098
2022-04-25,372.353851948249
2022-04-26,225.331330248893
2022-04-27,0
2022-04-28,0
2022-04-29,0
2022-04-30,0
2022-05-01,0
2022-05-02,0
2022-05-03,0
2022-05-04,0
2022-05-05,0
2022-05-06,0
2022-05-07,25.1351216002034
2022-05-08,85.3191687866181
2022-05-09,0
2022-05-10,424.360817727878
2022-05-11,257.708526507865
2022-05-12,0
2022-05-13,0
2022-05-14,0
2022-05-15,0
2022-05-16,0
2022-05-17,0
2022-05-18,0
2022-05-19,354.197055351496
2022-05-20,2848.64241671006
2022-05-21,4486.45682180899
2022-05-22,6515.85986441553
2022-05-23,8117.85661472173
2022-05-24,9696.40550329099
2022-05-25,9747.71501667122
2022-05-26,10933.3991388895
2022-05-27,11070.6751179153
2022-05-28,12326.8979852564
2022-05-29,11126.7129807764
2022-05-30,10926.5212481062
2022-05-31,9552.91178137794
2022-06-01,8665.39541535492
2022-06-02,7198.29272220249
2022-06-03,6381.05945351631
2022-06-04,5292.64106261076
2022-06-05,4783.42620678529
2022-06-06,4318.43090683721
2022-06-07,4044.65061192798
2022-06-08,4469.57580885482
2022-06-09,4718.07691440711
2022-06-10,4816.72983701501
2022-06-11,5668.8650541051
2022-06-12,5836.27020986139
2022-06-13,5673.19237075154
2022-06-14,5719.4858882939
2022-06-15,5761.50399591493
2022-06-16,5124.65923341924
2022-06-17,4903.36584037732
2022-06-18,4377.94955204505
2022-06-19,3854.46840773336
2022-06-20,3923.50774804996
2022-06-21,6930.63853661684
2022-06-22,8259.41329079696
2022-06-23,10003.2163602525
2022-06-24,12862.7334939468
2022-06-25,17927.1343743947
2022-06-26,19039.0747137894
2022-06-27,26056.3625856552
2022-06-28,33355.0593216755
2022-06-29,34119.5671564755
2022-06-30,30717.8608614632
2022-07-01,27860.3648580983
2022-07-02,20713.7163817698
2022-07-03,12756.8490877107
2022-07-04,10173.4266812063
2022-07-05,9133.79203428413
2022-07-06,14667.9284228221
2022-07-07,16542.5737628915
2022-07-08,16957.6545408377
2022-07-09,16977.6691726212
2022-07-10,17015.3122616624
2022-07-11,10920.782363987
2022-07-12,10272.1751569916
2022-07-13,10934.9082780401
2022-07-14,13321.345805681
2022-07-15,15957.2786747662
2022-07-16,20180.1896286978
2022-07-17,21093.6475346684
2022-07-18,22720.9747078421
2022-07-19,22298.5307643349
2022-07-20,20609.7321594795
2022-07-21,19669.4198966916
2022-07-22,24218.0162601988
2022-07-23,25512.7356633753
2022-07-24,30004.1505873116
2022-07-25,33304.3809440514
2022-07-26,36759.4091675386
2022-07-27,40591.5469910133
2022-07-28,40090.3971925492
2022-07-29,40593.1032578024
2022-07-30,41688.9629991828
2022-07-31,45677.1674436967
2022-08-01,37901.4141512715
2022-08-02,38514.6941434602
2022-08-03,34955.2606645208
2022-08-04,32430.0375877399
2022-08-05,24529.2944857779
2022-08-06,23120.1678611832
2022-08-07,19995.7325779968
2022-08-08,18937.7404247302
2022-08-09,17903.2528419586
2022-08-10,16341.7370088689
2022-08-11,15744.17585512
2022-08-12,15323.3362588798
2022-08-13,13512.8549952952
2022-08-14,12279.7756350133
2022-08-15,11550.6534300293
2022-08-16,10873.5993718859
2022-08-17,10374.5537248039
2022-08-18,9861.91104335995
2022-08-19,9351.07728231248
2022-08-20,8848.29370050989
2022-08-21,8433.68434546679
2022-08-22,7994.69931188694
2022-08-23,22089.6390405726
2022-08-24,45580.9487468521
2022-08-25,52976.8209219996
2022-08-26,55760.4720494798
2022-08-27,57274.1269066239
2022-08-28,43829.3750677181
2022-08-29,20876.737322603
2022-08-30,13987.6241956545
2022-08-31,11630.841328664
2022-09-01,10536.4321478563
2022-09-02,10005.9626273718
2022-09-03,11558.705173045
2022-09-04,11705.3865942834
2022-09-05,11377.6312376544
2022-09-06,11152.1942733892
2022-09-07,10571.6822789865
2022-09-08,8144.63717369442
2022-09-09,7263.00849145646
2022-09-10,6915.16764808748
2022-09-11,6512.90759753275
2022-09-12,6362.25929127951
2022-09-13,6882.18240269686
2022-09-14,10499.705642964
2022-09-15,11505.6863643407
2022-09-16,14514.0396036824
2022-09-17,16371.5870904199
2022-09-18,16462.9653134662
2022-09-19,20535.5996559345
2022-09-20,23676.7554548227
2022-09-21,23266.3644715829
2022-09-22,23246.8824193355
2022-09-23,33218.3911265066
2022-09-24,36136.9381492507
2022-09-25,36031.0744900726
2022-09-26,35865.1888335104
2022-09-27,45315.1467505373
2022-09-28,37912.5995952689
2022-09-29,29503.8504307358
2022-09-30,28011.4811586291
2022-10-01,29960.0529827769
2022-10-02,25146.5799414041
2022-10-03,26872.943037321
2022-10-04,27752.5040108885
2022-10-05,30998.3298821601
2022-10-06,30076.628037966
2022-10-07,25615.4872794623
2022-10-08,21936.9603856318
2022-10-09,19899.531443339
2022-10-10,15031.8298603442
2022-10-11,12344.0288737613
2022-10-12,11062.4184601554
2022-10-13,10644.516042646
2022-10-14,9977.93948038359
2022-10-15,9297.0046925896
2022-10-16,8814.96959799096
2022-10-17,8380.9069300042
2022-10-18,7663.08564157628
2022-10-19,7349.2540922603
2022-10-20,7457.65562946389
2022-10-21,7157.85282149919
2022-10-22,6852.41270294756
2022-10-23,6663.10578401785
2022-10-24,6728.10773129554
2022-10-25,6103.23837079201
2022-10-26,5784.17990969803
2022-10-27,5601.65397193587
2022-10-28,5098.0665746613
2022-10-29,4388.9458860716
2022-10-30,4974.39990097896
2022-10-31,4821.91495152511
2022-11-01,4440.46055036354
2022-11-02,4338.91730297241
2022-11-03,4242.74898588575
2022-11-04,3217.89790387795
2022-11-05,4407.02458262122
2022-11-06,6024.12314225996
2022-11-07,6529.99250106814
2022-11-08,6735.86610253406
2022-11-09,6901.33112911067
2022-11-10,5877.66225118376
2022-11-11,4173.05981698474
2022-11-12,3548.06163901607
2022-11-13,3321.90062514734
2022-11-14,4014.66491131626
2022-11-15,8458.5939165354
2022-11-16,11302.1294282578
2022-11-17,12286.4266552774
2022-11-18,12522.6268721727
2022-11-19,11718.676736796
2022-11-20,7029.79419452691
2022-11-21,4354.72051120055
2022-11-22,3506.78254447946
2022-11-23,3655.35405230396
2022-11-24,4227.69545214265
2022-11-25,4022.35245901079
2022-11-26,4224.73751977256
2022-11-27,4024.62999842734
2022-11-28,3519.29095755781
2022-11-29,2846.99966575901
2022-11-30,2915.45395034906
2022-12-01,2507.38013410214
2022-12-02,2503.50342353363
2022-12-03,2422.53820124444
2022-12-04,2322.91984584648
2022-12-05,2174.78923980683
2022-12-06,2544.67568321081
2022-12-07,2648.46386094448
2022-12-08,2636.44935187092
2022-12-09,2505.42299194856
2022-12-10,2316.4926804289
2022-12-11,1549.49203325697
2022-12-12,1022.58678494575
2022-12-13,665.143166035358
2022-12-14,439.755766471871
2022-12-15,333.301412616925
2022-12-16,449.741714133467
2022-12-17,642.313389034381
2022-12-18,687.464389005835
2022-12-19,671.632423336503
2022-12-20,714.880066000938
2022-12-21,794.025553162103
2022-12-22,648.466600628961
2022-12-23,483.458687253818
2022-12-24,381.680691749032
2022-12-25,269.21987674875
2022-12-26,85.5807854961839
2022-12-27,16.020894019337
2022-12-28,69.7537540449913
2022-12-29,145.13783730112
2022-12-30,138.903481461457
2022-12-31,36.4848357798586
2023-01-01,443.105662864678
2023-01-02,488.913616057736
2023-01-03,272.54453664785
2023-01-04,26.3661754862529
2023-01-05,0
2023-01-06,0
2023-01-07,0
2023-01-08,0
2023-01-09,0
2023-01-10,0
2023-01-11,0
2023-01-12,0
2023-01-13,0
2023-01-14,0
2023-01-15,0
2023-01-16,0
2023-01-17,0
2023-01-18,0
2023-01-19,0
2023-01-20,0
2023-01-21,0
2023-01-22,0
2023-01-23,0
2023-01-24,0
2023-01-25,0
2023-01-26,0
2023-01-27,0
2023-01-28,0
2023-01-29,0
2023-01-30,0
2023-01-31,0
2023-02-01,0
2023-02-02,0
2023-02-03,0
2023-02-04,0
2023-02-05,0
2023-02-06,0
2023-02-07,0
2023-02-08,0
2023-02-09,0
2023-02-10,0
2023-02-11,0
2023-02-12,0
2023-02-13,0
2023-02-14,0
2023-02-15,0
2023-02-16,0
2023-02-17,0
2023-02-18,0
2023-02-19,1547.72726230483
2023-02-20,1462.02084833046
2023-02-21,1182.37388554694
2023-02-22,1036.54024101895
2023-02-23,919.710312396121
2023-02-24,875.785012617746
2023-02-25,774.813237858446
2023-02-26,655.594688228128
2023-02-27,562.584938709694
2023-02-28,434.748368554194
2023-03-01,276.706172787348
2023-03-02,45.2391907962193
2023-03-03,0
2023-03-04,0
2023-03-05,0
2023-03-06,2017.26979466577
2023-03-07,3436.92193912267
2023-03-08,3947.49306689872
2023-03-09,54161.2962453599
2023-03-10,97134.9250744715
2023-03-11,103044.659097553
2023-03-12,105133.426847571
2023-03-13,106553.809741522
2023-03-14,57889.1141023786
2023-03-15,16337.0481297534
2023-03-16,8644.89644289007
2023-03-17,6285.78701419747
2023-03-18,5381.12019123183
2023-03-19,4787.84614549875
2023-03-20,4351.68523644538
2023-03-21,4127.51241230723
2023-03-22,3822.79132457375
2023-03-23,3644.41477119814
2023-03-24,4093.37703675505
2023-03-25,6547.97711059615
2023-03-26,6912.9095727243
2023-03-27,9181.22053877527
2023-03-28,10706.5672621179
2023-03-29,10874.9001646415
2023-03-30,8723.26118249693
2023-03-31,8438.34682801451
2023-04-01,7064.55716211378
2023-04-02,5802.03492604776
2023-04-03,56938.8001825233
2023-04-04,67742.6557468729
2023-04-05,71347.6812705905
2023-04-06,72139.7716109525
2023-04-07,72869.7751412022
2023-04-08,21765.3663638176
2023-04-09,11161.377313162
2023-04-10,9766.060114108
2023-04-11,37727.2009279657
2023-04-12,44422.5555600646
2023-04-13,47577.3574526875
2023-04-14,49144.7922776352
2023-04-15,53196.6530420312
2023-04-16,27020.6275439655
2023-04-17,21253.5081906286
2023-04-18,18877.2386309775
2023-04-19,17957.8251969442
2023-04-20,12561.197986994
2023-04-21,10061.8849262884
2023-04-22,9006.51696339477
2023-04-23,8344.49777923993
2023-04-24,7911.29682533041
2023-04-25,7506.73845549639
2023-04-26,7120.37415121783
2023-04-27,6971.80941358732
2023-04-28,7557.70453849387
2023-04-29,8079.73785157241
2023-04-30,8068.31454348277
2023-05-01,7984.66631535836
2023-05-02,8712.0417798571
2023-05-03,8018.62465002381
2023-05-04,7259.25218837393
2023-05-05,7034.13446430018
2023-05-06,6907.80588014605
2023-05-07,5800.34689525065
2023-05-08,5370.64574356283
2023-05-09,5042.18974645439
2023-05-10,28766.173406871
2023-05-11,37614.1141094165
2023-05-12,40650.3841125426
2023-05-13,42086.1351783735
2023-05-14,42916.8586412508
2023-05-15,27488.9398618212
2023-05-16,24824.740782314
2023-05-17,25060.1783682876
2023-05-18,25160.8145150671
2023-05-19,27050.6237799852
2023-05-20,19963.5438790577
2023-05-21,14680.5125580048
2023-05-22,12244.3630290142
2023-05-23,12961.1645864553
2023-05-24,11384.5303125454
2023-05-25,10885.8000895445
2023-05-26,11106.0386904083
2023-05-27,11182.1696466779
2023-05-28,9652.16034707197
2023-05-29,10222.8650441479
2023-05-30,10563.5160206507
2023-05-31,10240.1932191044
2023-06-01,13796.9735213536
2023-06-02,15646.8659792588
2023-06-03,15460.7498991427
2023-06-04,15230.4389427297
2023-06-05,16708.7384818951
2023-06-06,14362.4297667555
2023-06-07,13034.7254827089
2023-06-08,12439.7293636727
2023-06-09,12172.3699583408
2023-06-10,10451.2584890015
2023-06-11,9188.54683153412
2023-06-12,9122.63359689715
2023-06-13,8920.54891143669
2023-06-14,8706.79845830599
2023-06-15,8872.82964038822
2023-06-16,8476.04342522516
2023-06-17,7743.16431997696
2023-06-18,7383.0017226158
2023-06-19,7019.76053289426
2023-06-20,7565.46649689514
2023-06-21,8383.57345887363
2023-06-22,9359.63477132239
2023-06-23,11416.4935961775
2023-06-24,12518.392821337
2023-06-25,11819.2655365763
2023-06-26,10980.0627534935
2023-06-27,10016.0008343016
2023-06-28,7989.79724973226
2023-06-29,6945.57010678208
2023-06-30,15936.2999322314
2023-07-01,29717.4023336887
2023-07-02,35604.5114467305
2023-07-03,37803.8016140188
2023-07-04,43452.8646056298
2023-07-05,50415.5432257924
2023-07-06,42630.3848708782
2023-07-07,41288.2328802507
2023-07-08,45093.6524727056
2023-07-09,42243.2740296416
2023-07-10,29696.2187015767
2023-07-11,26126.0878572833
2023-07-12,29931.9158808271
2023-07-13,27872.5147805005
2023-07-14,27347.7905930693
2023-07-15,25127.6606949987
2023-07-16,23825.6549482551
2023-07-17,16587.6457488661
2023-07-18,13693.5757406307
2023-07-19,25852.8460046996
2023-07-20,37370.121396918
2023-07-21,44416.6896888848
2023-07-22,48295.7228219524
2023-07-23,52824.610749838
2023-07-24,42275.6705067255
2023-07-25,31392.9798597556
2023-07-26,29601.1546028366
2023-07-27,28369.1231017189
2023-07-28,25015.3435916041
2023-07-29,22927.1194701668
2023-07-30,22164.9546109965
2023-07-31,17404.6260812735
2023-08-01,15282.6687943192
2023-08-02,14316.5935682008
2023-08-03,13686.7569683837
2023-08-04,13161.7165836652
2023-08-05,12623.6234231665
2023-08-06,11824.3919344728
2023-08-07,13364.375869532
2023-08-08,18009.071722191
2023-08-09,25701.0528239839
2023-08-10,29026.0371649157
2023-08-11,30181.1615967239
2023-08-12,31416.0526699219
2023-08-13,30772.6238328955
2023-08-14,25475.9987693737
2023-08-15,22579.5967979012
2023-08-16,21669.3714935431
2023-08-17,18634.3162558132
2023-08-18,19812.760225108
2023-08-19,19800.0758265896
2023-08-20,19704.9806090963
2023-08-21,19567.2939638332
2023-08-22,19399.9676286349
2023-08-23,13835.7793759816
2023-08-24,11108.9591204039
2023-08-25,9950.70295494552
2023-08-26,11064.0523587976
2023-08-27,11970.9511385073
2023-08-28,20822.5880394159
2023-08-29,26347.6796186877
2023-08-30,28103.1975915317
2023-08-31,48624.3710188885
2023-09-01,57673.8536934999
2023-09-02,52081.3755837868
2023-09-03,47754.7435793301
2023-09-04,54928.6623555554
2023-09-05,36542.1965118635
2023-09-06,31626.9557174411
2023-09-07,36338.823364214
2023-09-08,43572.771345098
2023-09-09,39727.2627107476
2023-09-10,40211.5468641434
2023-09-11,36701.8575786208
2023-09-12,29508.0056000862
2023-09-13,21635.8692898215
2023-09-14,16961.769904131
2023-09-15,12842.0410454524
2023-09-16,11031.2439017722
2023-09-17,10074.5824211682
2023-09-18,9411.50671898082
2023-09-19,9007.14622467552
2023-09-20,9038.52202045202
2023-09-21,8804.75259637661
2023-09-22,8491.76681100354
2023-09-23,8124.96029305547
2023-09-24,7688.707938328
2023-09-25,8320.93104650279
2023-09-26,8187.8844080203
2023-09-27,8036.74561724919
2023-09-28,7921.40578992173
2023-09-29,8187.18527622305
2023-09-30,7292.77531002721
2023-10-01,7120.54784137924
2023-10-02,6881.17581647694
2023-10-03,6603.93255755845
2023-10-04,6042.12966618749
2023-10-05,5229.06542522948
2023-10-06,5741.37935908871
2023-10-07,5931.56033086793
2023-10-08,8185.70524094231
2023-10-09,8564.23209162563
2023-10-10,8539.15151850307
2023-10-11,7473.04059409131
2023-10-12,7675.76357085651
2023-10-13,5326.70086177861
2023-10-14,4549.2257392409
2023-10-15,4231.72289219612
2023-10-16,4120.20424866165
2023-10-17,3236.61105796555
2023-10-18,2927.56622684434
2023-10-19,2823.20880548169
2023-10-20,2719.7188255936
2023-10-21,3179.16019101726
2023-10-22,3309.67464919072
2023-10-23,3200.13671472134
2023-10-24,3143.29828763899
2023-10-25,3586.96004173658
2023-10-26,4674.52662802506
2023-10-27,6315.71308283915
2023-10-28,6970.33600786007
2023-10-29,7261.26037456196
2023-10-30,6875.02979944704
2023-10-31,5125.43137993334
2023-11-01,3334.57134627306
2023-11-02,3225.71005911132
2023-11-03,3346.95799261103
2023-11-04,3291.19555046395
2023-11-05,3165.48341874182
2023-11-06,3656.01765228185
2023-11-07,3073.97121381537
2023-11-08,2633.98799900944
2023-11-09,2529.9561305764
2023-11-10,2538.41192212242
2023-11-11,1862.29817753448
2023-11-12,1840.15564171614
2023-11-13,1793.17331267704
2023-11-14,1730.88661533517
2023-11-15,1677.80156218715
2023-11-16,1512.57553549174
2023-11-17,1534.88616394326
2023-11-18,1353.88913886009
2023-11-19,1300.67468062426
2023-11-20,1281.27895291979
2023-11-21,1298.85380512457
2023-11-22,1086.29207010507
2023-11-23,1099.53494354891
2023-11-24,1002.65391243156
2023-11-25,868.906063802073
2023-11-26,753.371531765666
2023-11-27,650.037373549667
2023-11-28,632.984217075507
2023-11-29,922.869014609568
2023-11-30,867.035112594447
2023-12-01,813.901043529756
2023-12-02,750.288630463967
2023-12-03,623.386995940832
2023-12-04,203.394987013348
2023-12-05,98.731807313994
2023-12-06,0
2023-12-07,0
2023-12-08,0
2023-12-09,0
2023-12-10,0
2023-12-11,0
2023-12-12,0
2023-12-13,0
2023-12-14,0
2023-12-15,0
2023-12-16,0
2023-12-17,0
2023-12-18,0
2023-12-19,0
2023-12-20,0
2023-12-21,0
2023-12-22,0
2023-12-23,0
2023-12-24,0
2023-12-25,0
2023-12-26,0
2023-12-27,0
2023-12-28,0
2023-12-29,0
2023-12-30,0
