time,flow,salt,temp
2019-07-01,0.38482,0,10.13819
2019-07-02,0.28996,0,10.15899
2019-07-03,0.23242,0,10.18122
2019-07-04,0.2061,0,10.20488
2019-07-05,0.15955,0,10.22996
2019-07-06,0.15341,0,10.25645
2019-07-07,0.18052,0,10.28434
2019-07-08,0.19322,0,10.31363
2019-07-09,0.16454,0,10.3443
2019-07-10,0.41908,0,10.37636
2019-07-11,0.41603,0,10.40978
2019-07-12,0.23088,0,10.44456
2019-07-13,0.17126,0,10.48068
2019-07-14,0.1493,0,10.51815
2019-07-15,0.13862,0,10.55694
2019-07-16,0.13136,0,10.59704
2019-07-17,0.12521,0,10.63845
2019-07-18,0.15653,0,10.68115
2019-07-19,0.29235,0,10.72513
2019-07-20,0.33558,0,10.77037
2019-07-21,0.20652,0,10.81687
2019-07-22,0.15599,0,10.8646
2019-07-23,0.15692,0,10.91355
2019-07-24,0.18593,0,10.96372
2019-07-25,0.14755,0,11.01508
2019-07-26,0.1315,0,11.06761
2019-07-27,0.12291,0,11.12132
2019-07-28,0.19737,0,11.17617
2019-07-29,0.17094,0,11.23215
2019-07-30,0.12939,0,11.28924
2019-07-31,0.11385,0,11.34744
2019-08-01,0.22592,0,11.40671
2019-08-02,0.3674,0,11.46705
2019-08-03,0.20853,0,11.52843
2019-08-04,0.1586,0,11.59085
2019-08-05,0.14449,0,11.65427
2019-08-06,0.13238,0,11.71868
2019-08-07,0.1428,0,11.78406
2019-08-08,0.12064,0,11.85039
2019-08-09,0.10929,0,11.91765
2019-08-10,0.17674,0,11.98583
2019-08-11,0.20848,0,12.0549
2019-08-12,0.19692,0,12.12484
2019-08-13,0.20928,0,12.19563
2019-08-14,0.15096,0,12.26725
2019-08-15,0.1212,0,12.33968
2019-08-16,0.10927,0,12.4129
2019-08-17,0.10273,0,12.48688
2019-08-18,0.40203,0,12.56161
2019-08-19,0.29828,0,12.63705
2019-08-20,0.18402,0,12.7132
2019-08-21,0.13052,0,12.79002
2019-08-22,0.11156,0,12.8675
2019-08-23,0.10247,0,12.94561
2019-08-24,0.09632,0,13.02433
2019-08-25,0.09117,0,13.10363
2019-08-26,0.08645,0,13.18349
2019-08-27,0.08199,0,13.26389
2019-08-28,0.07785,0,13.3448
2019-08-29,0.167,0,13.42621
2019-08-30,0.9359,0,13.50808
2019-08-31,1.15925,0,13.59039
2019-09-01,0.45756,0,13.67311
2019-09-02,0.23347,0,13.75623
2019-09-03,0.38662,0,13.83972
2019-09-04,0.4154,0,13.92355
2019-09-05,0.25622,0,14.00771
2019-09-06,0.17606,0,14.09215
2019-09-07,0.14697,0,14.17686
2019-09-08,0.13374,0,14.26182
2019-09-09,0.12523,0,14.34699
2019-09-10,0.11844,0,14.43236
2019-09-11,0.18879,0,14.5179
2019-09-12,0.40803,0,14.60357
2019-09-13,0.30196,0,14.68937
2019-09-14,0.46672,0,14.77526
2019-09-15,0.31856,0,14.86121
2019-09-16,0.19323,0,14.94721
2019-09-17,0.34946,0,15.03322
2019-09-18,0.31109,0,15.11922
2019-09-19,0.56687,0,15.20518
2019-09-20,0.5988,0,15.29109
2019-09-21,0.47408,0,15.37691
2019-09-22,0.24618,0,15.46262
2019-09-23,0.17361,0,15.54819
2019-09-24,0.14666,0,15.63359
2019-09-25,0.13372,0,15.71881
2019-09-26,0.12534,0,15.80382
2019-09-27,0.13749,0,15.88859
2019-09-28,0.13862,0,15.9731
2019-09-29,0.11836,0,16.05732
2019-09-30,0.10837,0,16.14123
2019-10-01,0.10981,0,16.22479
2019-10-02,0.1292,0,16.308
2019-10-03,0.1066,0,16.39082
2019-10-04,0.1007,0,16.47323
2019-10-05,0.09202,0,16.5552
2019-10-06,0.08622,0,16.63671
2019-10-07,0.08609,0,16.71774
2019-10-08,0.07878,0,16.79826
2019-10-09,0.07421,0,16.87824
2019-10-10,0.0703,0,16.95767
2019-10-11,0.06669,0,17.03653
2019-10-12,0.06329,0,17.11477
2019-10-13,0.06007,0,17.1924
2019-10-14,0.05706,0,17.26937
2019-10-15,0.05416,0,17.34567
2019-10-16,0.05157,0,17.42128
2019-10-17,0.20097,0,17.49618
2019-10-18,0.1091,0,17.57033
2019-10-19,0.07507,0,17.64372
2019-10-20,0.06271,0,17.71633
2019-10-21,0.0569,0,17.78814
2019-10-22,0.05327,0,17.85912
2019-10-23,0.05027,0,17.92926
2019-10-24,0.04765,0,17.99853
2019-10-25,0.04522,0,18.06691
2019-10-26,0.31145,0,18.13438
2019-10-27,0.62285,0,18.20093
2019-10-28,0.43755,0,18.26653
2019-10-29,0.19498,0,18.33116
2019-10-30,0.11912,0,18.39481
2019-10-31,0.09305,0,18.45745
2019-11-01,0.12122,0,18.51907
2019-11-02,0.10964,0,18.57965
2019-11-03,0.08517,0,18.63917
2019-11-04,0.07513,0,18.69761
2019-11-05,0.0696,0,18.75495
2019-11-06,0.06552,0,18.81119
2019-11-07,0.06203,0,18.8663
2019-11-08,0.05881,0,18.92026
2019-11-09,0.0558,0,18.97307
2019-11-10,0.08755,0,19.0247
2019-11-11,0.08152,0,19.07514
2019-11-12,0.07465,0,19.12437
2019-11-13,0.06155,0,19.17238
2019-11-14,0.12414,0,19.21916
2019-11-15,0.09051,0,19.26468
2019-11-16,0.08761,0,19.30895
2019-11-17,0.06631,0,19.35194
2019-11-18,0.05844,0,19.39365
2019-11-19,0.05413,0,19.43405
2019-11-20,0.051,0,19.47314
2019-11-21,0.05678,0,19.51091
2019-11-22,0.04918,0,19.54734
2019-11-23,0.0465,0,19.58243
2019-11-24,0.04399,0,19.61616
2019-11-25,0.04165,0,19.64852
2019-11-26,0.05775,0,19.67951
2019-11-27,0.04992,0,19.70912
2019-11-28,0.04221,0,19.73733
2019-11-29,0.03945,0,19.76414
2019-11-30,0.03713,0,19.78954
2019-12-01,0.03517,0,19.81352
2019-12-02,0.03339,0,19.83608
2019-12-03,0.03166,0,19.8572
2019-12-04,0.03007,0,19.87689
2019-12-05,0.02852,0,19.89514
2019-12-06,0.02726,0,19.91194
2019-12-07,0.0258,0,19.92728
2019-12-08,0.02441,0,19.94117
2019-12-09,0.05348,0,19.95359
2019-12-10,0.03118,0,19.96455
2019-12-11,0.02929,0,19.97404
2019-12-12,0.53194,0,19.98206
2019-12-13,0.45711,0,19.9886
2019-12-14,0.18296,0,19.99367
2019-12-15,0.12148,0,19.99725
2019-12-16,0.27908,0,19.99937
2019-12-17,0.1186,0,20
2019-12-18,0.08529,0,19.99915
2019-12-19,0.07578,0,19.99682
2019-12-20,0.06699,0,19.99301
2019-12-21,0.06274,0,19.98773
2019-12-22,0.05929,0,19.98097
2019-12-23,0.05616,0,19.97273
2019-12-24,0.05322,0,19.96303
2019-12-25,0.05049,0,19.95185
2019-12-26,0.04795,0,19.93921
2019-12-27,0.04546,0,19.92511
2019-12-28,0.04314,0,19.90956
2019-12-29,0.04098,0,19.89254
2019-12-30,0.03895,0,19.87408
2019-12-31,0.03687,0,19.84898
2020-01-01,0.03502,0,19.82728
2020-01-02,0.03321,0,19.80416
2020-01-03,0.03154,0,19.77961
2020-01-04,0.02991,0,19.75365
2020-01-05,0.02839,0,19.72628
2020-01-06,0.02695,0,19.69751
2020-01-07,0.0256,0,19.66736
2020-01-08,0.02426,0,19.63582
2020-01-09,0.02301,0,19.60291
2020-01-10,0.02188,0,19.56864
2020-01-11,0.02075,0,19.53302
2020-01-12,0.01972,0,19.49605
2020-01-13,0.01872,0,19.45776
2020-01-14,0.0178,0,19.41814
2020-01-15,0.01692,0,19.37722
2020-01-16,0.01608,0,19.335
2020-01-17,0.01523,0,19.2915
2020-01-18,0.01446,0,19.24673
2020-01-19,0.01373,0,19.20071
2020-01-20,0.01305,0,19.15344
2020-01-21,0.01239,0,19.10494
2020-01-22,0.01176,0,19.05523
2020-01-23,0.01117,0,19.00431
2020-01-24,0.01062,0,18.95222
2020-01-25,0.0101,0,18.89895
2020-01-26,0.00959,0,18.84453
2020-01-27,0.00913,0,18.78897
2020-01-28,0.00865,0,18.73229
2020-01-29,0.00826,0,18.6745
2020-01-30,0.00784,0,18.61563
2020-01-31,0.02675,0,18.55569
2020-02-01,0.02639,0,18.4947
2020-02-02,0.01187,0,18.43267
2020-02-03,0.04665,0,18.36962
2020-02-04,0.01819,0,18.30558
2020-02-05,0.01665,0,18.24056
2020-02-06,0.01572,0,18.17459
2020-02-07,0.01486,0,18.10767
2020-02-08,0.01408,0,18.03983
2020-02-09,0.01334,0,17.97109
2020-02-10,0.01268,0,17.90148
2020-02-11,0.01201,0,17.831
2020-02-12,0.01141,0,17.75969
2020-02-13,0.01083,0,17.68756
2020-02-14,0.01028,0,17.61464
2020-02-15,0.00974,0,17.54094
2020-02-16,0.00924,0,17.46649
2020-02-17,0.00877,0,17.39131
2020-02-18,0.00834,0,17.31542
2020-02-19,0.00792,0,17.23885
2020-02-20,0.01241,0,17.16161
2020-02-21,0.00773,0,17.08374
2020-02-22,0.00733,0,17.00525
2020-02-23,0.00694,0,16.92616
2020-02-24,0.00659,0,16.84651
2020-02-25,0.00625,0,16.76631
2020-02-26,0.00593,0,16.68558
2020-02-27,0.00563,0,16.60436
2020-02-28,0.00534,0,16.52266
2020-02-29,0.00508,0,16.44052
2020-03-01,0.00483,0,16.35794
2020-03-02,0.00458,0,16.27497
2020-03-03,0.00435,0,16.19161
2020-03-04,0.00413,0,16.10791
2020-03-05,0.00395,0,16.02387
2020-03-06,0.00373,0,15.93954
2020-03-07,0.00353,0,15.85492
2020-03-08,0.00336,0,15.77005
2020-03-09,0.00319,0,15.68496
2020-03-10,0.00962,0,15.59966
2020-03-11,0.00345,0,15.51419
2020-03-12,0.00328,0,15.42856
2020-03-13,0.07439,0,15.3428
2020-03-14,0.01283,0,15.25695
2020-03-15,0.01169,0,15.17101
2020-03-16,0.01087,0,15.08503
2020-03-17,0.01026,0,14.99902
2020-03-18,0.00971,0,14.91302
2020-03-19,0.00919,0,14.82703
2020-03-20,0.00872,0,14.7411
2020-03-21,0.02706,0,14.65525
2020-03-22,0.01106,0,14.5695
2020-03-23,0.00981,0,14.48387
2020-03-24,0.0479,0,14.3984
2020-03-25,0.01465,0,14.31311
2020-03-26,0.04366,0,14.22802
2020-03-27,0.02513,0,14.14315
2020-03-28,0.01701,0,14.05854
2020-03-29,0.01493,0,13.97421
2020-03-30,0.01379,0,13.89019
2020-03-31,0.01296,0,13.80649
2020-04-01,0.01225,0,13.72314
2020-04-02,0.01164,0,13.64018
2020-04-03,0.011,0,13.55761
2020-04-04,0.01042,0,13.47548
2020-04-05,0.00988,0,13.39379
2020-04-06,0.00938,0,13.31258
2020-04-07,0.00888,0,13.23186
2020-04-08,0.03018,0,13.15168
2020-04-09,0.01039,0,13.07203
2020-04-10,0.04101,0,12.99296
2020-04-11,0.09071,0,12.91448
2020-04-12,0.04705,0,12.83662
2020-04-13,0.0313,0,12.7594
2020-04-14,0.02387,0,12.68285
2020-04-15,0.04188,0,12.60698
2020-04-16,0.03854,0,12.53181
2020-04-17,0.0264,0,12.45738
2020-04-18,0.02271,0,12.3837
2020-04-19,0.02096,0,12.31079
2020-04-20,0.01976,0,12.23868
2020-04-21,0.0187,0,12.16739
2020-04-22,0.01773,0,12.09693
2020-04-23,0.01681,0,12.02734
2020-04-24,0.04943,0,11.95862
2020-04-25,0.06351,0,11.8908
2020-04-26,0.0741,0,11.82391
2020-04-27,0.05924,0,11.75795
2020-04-28,0.04302,0,11.69295
2020-04-29,0.03257,0,11.62893
2020-04-30,0.0292,0,11.56591
2020-05-01,0.02743,0,11.50391
2020-05-02,0.02605,0,11.44294
2020-05-03,0.02475,0,11.38302
2020-05-04,0.02352,0,11.32417
2020-05-05,0.10402,0,11.26641
2020-05-06,0.10889,0,11.20976
2020-05-07,0.05899,0,11.15422
2020-05-08,0.0459,0,11.09983
2020-05-09,0.04886,0,11.04659
2020-05-10,0.09406,0,10.99452
2020-05-11,0.05289,0,10.94363
2020-05-12,0.20968,0,10.89394
2020-05-13,0.19376,0,10.84547
2020-05-14,0.09922,0,10.79823
2020-05-15,0.0798,0,10.75223
2020-05-16,0.06264,0,10.70749
2020-05-17,0.05679,0,10.66402
2020-05-18,0.05359,0,10.62184
2020-05-19,0.09947,0,10.58094
2020-05-20,0.11359,0,10.54136
2020-05-21,0.75765,0,10.50309
2020-05-22,0.39744,0,10.46616
2020-05-23,0.25645,0,10.43057
2020-05-24,0.19992,0,10.39633
2020-05-25,0.13461,0,10.36345
2020-05-26,0.11309,0,10.33194
2020-05-27,0.1037,0,10.30182
2020-05-28,0.11527,0,10.27308
2020-05-29,0.12518,0,10.24575
2020-05-30,0.12705,0,10.21982
2020-05-31,0.13625,0,10.1953
2020-06-01,0.7863,0,10.17221
2020-06-02,0.40216,0,10.15055
2020-06-03,0.25967,0,10.13032
2020-06-04,0.17878,0,10.11153
2020-06-05,0.14607,0,10.09419
2020-06-06,0.13087,0,10.0783
2020-06-07,0.12266,0,10.06387
2020-06-08,0.15109,0,10.05089
2020-06-09,0.14208,0,10.03939
2020-06-10,0.13048,0,10.02935
2020-06-11,0.11515,0,10.02078
2020-06-12,0.10998,0,10.01368
2020-06-13,0.13343,0,10.00806
2020-06-14,0.11096,0,10.00392
2020-06-15,0.10042,0,10.00125
2020-06-16,0.09431,0,10.00007
2020-06-17,0.08964,0,10.00036
2020-06-18,0.13422,0,10.00213
2020-06-19,0.10059,0,10.00539
2020-06-20,0.0886,0,10.01012
2020-06-21,0.08251,0,10.01632
2020-06-22,0.07826,0,10.02401
2020-06-23,0.07461,0,10.03316
2020-06-24,0.07387,0,10.04379
2020-06-25,0.0684,0,10.05588
2020-06-26,0.06505,0,10.06943
2020-06-27,0.06432,0,10.08444
2020-06-28,0.06385,0,10.10091
2020-06-29,0.05865,0,10.11883
2020-06-30,0.05553,0,10.13819
2020-07-01,0.05797,0,10.15899
2020-07-02,0.05343,0,10.18122
2020-07-03,0.05712,0,10.20488
2020-07-04,0.26437,0,10.22996
2020-07-05,0.70328,0,10.25645
2020-07-06,0.25583,0,10.28434
2020-07-07,0.13145,0,10.31363
2020-07-08,0.09263,0,10.3443
2020-07-09,0.07933,0,10.37636
2020-07-10,0.07356,0,10.40978
2020-07-11,0.06988,0,10.44456
2020-07-12,0.0667,0,10.48068
2020-07-13,1.04283,0,10.51815
2020-07-14,0.21916,0,10.55694
2020-07-15,0.32035,0,10.59704
2020-07-16,0.4376,0,10.63845
2020-07-17,0.23762,0,10.68115
2020-07-18,0.17259,0,10.72513
2020-07-19,0.12819,0,10.77037
2020-07-20,0.10925,0,10.81687
2020-07-21,0.10082,0,10.8646
2020-07-22,0.09549,0,10.91355
2020-07-23,0.09097,0,10.96372
2020-07-24,0.16438,0,11.01508
2020-07-25,0.127,0,11.06761
2020-07-26,0.18311,0,11.12132
2020-07-27,0.22077,0,11.17617
2020-07-28,0.13408,0,11.23215
2020-07-29,0.10595,0,11.28924
2020-07-30,0.09512,0,11.34744
2020-07-31,0.11094,0,11.40671
2020-08-01,0.09405,0,11.46705
2020-08-02,0.24454,0,11.52843
2020-08-03,0.93173,0,11.59085
2020-08-04,0.4944,0,11.65427
2020-08-05,0.4456,0,11.71868
2020-08-06,0.33681,0,11.78406
2020-08-07,0.23981,0,11.85039
2020-08-08,0.45634,0,11.91765
2020-08-09,0.2238,0,11.98583
2020-08-10,0.16125,0,12.0549
2020-08-11,0.15567,0,12.12484
2020-08-12,0.34501,0,12.19563
2020-08-13,0.33092,0,12.26725
2020-08-14,0.21178,0,12.33968
2020-08-15,0.15674,0,12.4129
2020-08-16,0.30164,0,12.48688
2020-08-17,0.24319,0,12.56161
2020-08-18,0.17831,0,12.63705
2020-08-19,0.14394,0,12.7132
2020-08-20,0.13034,0,12.79002
2020-08-21,0.12254,0,12.8675
2020-08-22,0.11637,0,12.94561
2020-08-23,0.2421,0,13.02433
2020-08-24,0.14565,0,13.10363
2020-08-25,0.11831,0,13.18349
2020-08-26,0.1067,0,13.26389
2020-08-27,0.17743,0,13.3448
2020-08-28,0.41058,0,13.42621
2020-08-29,1.09282,0,13.50808
2020-08-30,0.62945,0,13.59039
2020-08-31,0.42239,0,13.67311
2020-09-01,0.31583,0,13.75623
2020-09-02,0.33485,0,13.83972
2020-09-03,0.29644,0,13.92355
2020-09-04,0.26993,0,14.00771
2020-09-05,0.19384,0,14.09215
2020-09-06,0.16298,0,14.17686
2020-09-07,0.14929,0,14.26182
2020-09-08,0.24095,0,14.34699
2020-09-09,0.38665,0,14.43236
2020-09-10,0.21536,0,14.5179
2020-09-11,0.16002,0,14.60357
2020-09-12,0.13892,0,14.68937
2020-09-13,0.12814,0,14.77526
2020-09-14,0.12051,0,14.86121
2020-09-15,0.11637,0,14.94721
2020-09-16,0.11671,0,15.03322
2020-09-17,0.13479,0,15.11922
2020-09-18,0.17989,0,15.20518
2020-09-19,0.12654,0,15.29109
2020-09-20,0.15297,0,15.37691
2020-09-21,0.19373,0,15.46262
2020-09-22,0.14717,0,15.54819
2020-09-23,0.11701,0,15.63359
2020-09-24,0.10337,0,15.71881
2020-09-25,0.107,0,15.80382
2020-09-26,0.09943,0,15.88859
2020-09-27,0.08951,0,15.9731
2020-09-28,0.08349,0,16.05732
2020-09-29,0.07889,0,16.14123
2020-09-30,0.11901,0,16.22479
2020-10-01,0.10522,0,16.308
2020-10-02,0.08492,0,16.39082
2020-10-03,0.07629,0,16.47323
2020-10-04,0.07111,0,16.5552
2020-10-05,0.06718,0,16.63671
2020-10-06,0.06362,0,16.71774
2020-10-07,0.06037,0,16.79826
2020-10-08,0.05726,0,16.87824
2020-10-09,0.05435,0,16.95767
2020-10-10,0.05161,0,17.03653
2020-10-11,0.04973,0,17.11477
2020-10-12,0.04648,0,17.1924
2020-10-13,0.04416,0,17.26937
2020-10-14,0.04193,0,17.34567
2020-10-15,0.03981,0,17.42128
2020-10-16,0.03777,0,17.49618
2020-10-17,0.03586,0,17.57033
2020-10-18,0.03406,0,17.64372
2020-10-19,0.0324,0,17.71633
2020-10-20,0.03067,0,17.78814
2020-10-21,0.0484,0,17.85912
2020-10-22,0.03602,0,17.92926
2020-10-23,0.03281,0,17.99853
2020-10-24,0.03096,0,18.06691
2020-10-25,0.02936,0,18.13438
2020-10-26,0.02791,0,18.20093
2020-10-27,0.04312,0,18.26653
2020-10-28,0.03132,0,18.33116
2020-10-29,0.02961,0,18.39481
2020-10-30,0.0281,0,18.45745
2020-10-31,0.02665,0,18.51907
2020-11-01,0.03869,0,18.57965
2020-11-02,0.03419,0,18.63917
2020-11-03,0.02879,0,18.69761
2020-11-04,0.02718,0,18.75495
2020-11-05,0.02576,0,18.81119
2020-11-06,0.02449,0,18.8663
2020-11-07,0.0232,0,18.92026
2020-11-08,0.02203,0,18.97307
2020-11-09,0.0209,0,19.0247
2020-11-10,0.0199,0,19.07514
2020-11-11,0.01885,0,19.12437
2020-11-12,0.01795,0,19.17238
2020-11-13,0.05125,0,19.21916
2020-11-14,0.04284,0,19.26468
2020-11-15,0.03183,0,19.30895
2020-11-16,0.02987,0,19.35194
2020-11-17,0.02816,0,19.39365
2020-11-18,0.03111,0,19.43405
2020-11-19,0.1129,0,19.47314
2020-11-20,0.05534,0,19.51091
2020-11-21,0.04276,0,19.54734
2020-11-22,0.03761,0,19.58243
2020-11-23,0.03485,0,19.61616
2020-11-24,0.03274,0,19.64852
2020-11-25,0.12306,0,19.67951
2020-11-26,0.09756,0,19.70912
2020-11-27,0.05614,0,19.73733
2020-11-28,0.04367,0,19.76414
2020-11-29,0.03851,0,19.78954
2020-11-30,0.03563,0,19.81352
2020-12-01,0.03354,0,19.83608
2020-12-02,0.03169,0,19.8572
2020-12-03,0.03003,0,19.87689
2020-12-04,0.02853,0,19.89514
2020-12-05,0.02704,0,19.91194
2020-12-06,0.02568,0,19.92728
2020-12-07,0.02436,0,19.94117
2020-12-08,0.02326,0,19.95359
2020-12-09,0.02203,0,19.96455
2020-12-10,0.02659,0,19.97404
2020-12-11,0.02165,0,19.98206
2020-12-12,0.02058,0,19.9886
2020-12-13,0.01952,0,19.99367
2020-12-14,0.01858,0,19.99725
2020-12-15,0.01756,0,19.99937
2020-12-16,0.01668,0,20
2020-12-17,0.01583,0,19.99915
2020-12-18,0.01503,0,19.99682
2020-12-19,0.01426,0,19.99301
2020-12-20,0.01355,0,19.98773
2020-12-21,0.01295,0,19.98097
2020-12-22,0.02371,0,19.97273
2020-12-23,0.01434,0,19.96303
2020-12-24,0.0136,0,19.95185
2020-12-25,0.01291,0,19.93921
2020-12-26,0.01225,0,19.92511
2020-12-27,0.01166,0,19.90956
2020-12-28,0.01107,0,19.89254
2020-12-29,0.0203,0,19.87408
2020-12-30,0.04092,0,19.84898
2020-12-31,0.06788,0,19.82728
2021-01-01,0.03278,0,19.80416
2021-01-02,0.03065,0,19.77961
2021-01-03,0.02893,0,19.75365
2021-01-04,0.02738,0,19.72628
2021-01-05,0.0613,0,19.69751
2021-01-06,0.07728,0,19.66736
2021-01-07,0.03798,0,19.63582
2021-01-08,0.03208,0,19.60291
2021-01-09,0.02934,0,19.56864
2021-01-10,0.03572,0,19.53302
2021-01-11,0.02757,0,19.49605
2021-01-12,0.02591,0,19.45776
2021-01-13,0.02447,0,19.41814
2021-01-14,0.0232,0,19.37722
2021-01-15,0.02205,0,19.335
2021-01-16,0.0509,0,19.2915
2021-01-17,0.02423,0,19.24673
2021-01-18,0.0221,0,19.20071
2021-01-19,0.0207,0,19.15344
2021-01-20,0.01954,0,19.10494
2021-01-21,0.01852,0,19.05523
2021-01-22,0.01757,0,19.00431
2021-01-23,0.01671,0,18.95222
2021-01-24,0.01603,0,18.89895
2021-01-25,0.04259,0,18.84453
2021-01-26,0.01704,0,18.78897
2021-01-27,0.01599,0,18.73229
2021-01-28,0.01513,0,18.6745
2021-01-29,0.01434,0,18.61563
2021-01-30,0.01362,0,18.55569
2021-01-31,0.01291,0,18.4947
2021-02-01,0.01227,0,18.43267
2021-02-02,0.01168,0,18.36962
2021-02-03,0.0388,0,18.30558
2021-02-04,0.01864,0,18.24056
2021-02-05,0.01499,0,18.17459
2021-02-06,0.0141,0,18.10767
2021-02-07,0.01335,0,18.03983
2021-02-08,0.01266,0,17.97109
2021-02-09,0.01199,0,17.90148
2021-02-10,0.01138,0,17.831
2021-02-11,0.01079,0,17.75969
2021-02-12,0.01028,0,17.68756
2021-02-13,0.00973,0,17.61464
2021-02-14,0.011,0,17.54094
2021-02-15,0.07014,0,17.46649
2021-02-16,0.01781,0,17.39131
2021-02-17,0.01634,0,17.31542
2021-02-18,0.01532,0,17.23885
2021-02-19,0.01448,0,17.16161
2021-02-20,0.01371,0,17.08374
2021-02-21,0.013,0,17.00525
2021-02-22,0.01233,0,16.92616
2021-02-23,0.01169,0,16.84651
2021-02-24,0.01111,0,16.76631
2021-02-25,0.13759,0,16.68558
2021-02-26,0.16123,0,16.60436
2021-02-27,0.16475,0,16.52266
2021-02-28,0.07162,0,16.44052
2021-03-01,0.0428,0,16.35794
2021-03-02,0.03319,0,16.27497
2021-03-03,0.02922,0,16.19161
2021-03-04,0.02703,0,16.10791
2021-03-05,0.02543,0,16.02387
2021-03-06,0.02397,0,15.93954
2021-03-07,0.02275,0,15.85492
2021-03-08,0.02157,0,15.77005
2021-03-09,0.0206,0,15.68496
2021-03-10,0.01939,0,15.59966
2021-03-11,0.01839,0,15.51419
2021-03-12,0.01745,0,15.42856
2021-03-13,0.01656,0,15.3428
2021-03-14,0.01628,0,15.25695
2021-03-15,0.01492,0,15.17101
2021-03-16,0.01418,0,15.08503
2021-03-17,0.01342,0,14.99902
2021-03-18,0.01273,0,14.91302
2021-03-19,0.01207,0,14.82703
2021-03-20,0.01777,0,14.7411
2021-03-21,0.01154,0,14.65525
2021-03-22,0.04776,0,14.5695
2021-03-23,0.01724,0,14.48387
2021-03-24,0.01611,0,14.3984
2021-03-25,0.0152,0,14.31311
2021-03-26,0.01441,0,14.22802
2021-03-27,0.01364,0,14.14315
2021-03-28,0.01293,0,14.05854
2021-03-29,0.01227,0,13.97421
2021-03-30,0.01165,0,13.89019
2021-03-31,0.01111,0,13.80649
2021-04-01,0.01049,0,13.72314
2021-04-02,0.00995,0,13.64018
2021-04-03,0.00945,0,13.55761
2021-04-04,0.00894,0,13.47548
2021-04-05,0.00849,0,13.39379
2021-04-06,0.00806,0,13.31258
2021-04-07,0.00766,0,13.23186
2021-04-08,0.00727,0,13.15168
2021-04-09,0.0069,0,13.07203
2021-04-10,0.00654,0,12.99296
2021-04-11,0.01135,0,12.91448
2021-04-12,0.00631,0,12.83662
2021-04-13,0.00598,0,12.7594
2021-04-14,0.00568,0,12.68285
2021-04-15,0.01475,0,12.60698
2021-04-16,0.06352,0,12.53181
2021-04-17,0.01253,0,12.45738
2021-04-18,0.01094,0,12.3837
2021-04-19,0.01009,0,12.31079
2021-04-20,0.00947,0,12.23868
2021-04-21,0.00896,0,12.16739
2021-04-22,0.02153,0,12.09693
2021-04-23,0.01767,0,12.02734
2021-04-24,0.01094,0,11.95862
2021-04-25,0.01015,0,11.8908
2021-04-26,0.00956,0,11.82391
2021-04-27,0.00904,0,11.75795
2021-04-28,0.00857,0,11.69295
2021-04-29,0.00813,0,11.62893
2021-04-30,0.00773,0,11.56591
2021-05-01,0.0073,0,11.50391
2021-05-02,0.00693,0,11.44294
2021-05-03,0.00658,0,11.38302
2021-05-04,0.0063,0,11.32417
2021-05-05,0.00592,0,11.26641
2021-05-06,0.00561,0,11.20976
2021-05-07,0.00532,0,11.15422
2021-05-08,0.00505,0,11.09983
2021-05-09,0.0048,0,11.04659
2021-05-10,0.0245,0,10.99452
2021-05-11,0.0074,0,10.94363
2021-05-12,0.00681,0,10.89394
2021-05-13,0.00641,0,10.84547
2021-05-14,0.00606,0,10.79823
2021-05-15,0.01085,0,10.75223
2021-05-16,0.01798,0,10.70749
2021-05-17,0.01517,0,10.66402
2021-05-18,0.00889,0,10.62184
2021-05-19,0.07698,0,10.58094
2021-05-20,0.11236,0,10.54136
2021-05-21,0.08051,0,10.50309
2021-05-22,0.10434,0,10.46616
2021-05-23,0.07737,0,10.43057
2021-05-24,0.1576,0,10.39633
2021-05-25,0.12106,0,10.36345
2021-05-26,0.14309,0,10.33194
2021-05-27,0.12184,0,10.30182
2021-05-28,0.14363,0,10.27308
2021-05-29,0.1073,0,10.24575
2021-05-30,0.11525,0,10.21982
2021-05-31,0.08177,0,10.1953
2021-06-01,0.06919,0,10.17221
2021-06-02,0.06368,0,10.15055
2021-06-03,0.0603,0,10.13032
2021-06-04,0.05755,0,10.11153
2021-06-05,0.0549,0,10.09419
2021-06-06,0.05227,0,10.0783
2021-06-07,0.0498,0,10.06387
2021-06-08,0.07043,0,10.05089
2021-06-09,0.06387,0,10.03939
2021-06-10,0.0533,0,10.02935
2021-06-11,0.08014,0,10.02078
2021-06-12,0.05778,0,10.01368
2021-06-13,0.06793,0,10.00806
2021-06-14,0.06859,0,10.00392
2021-06-15,0.05578,0,10.00125
2021-06-16,0.05167,0,10.00007
2021-06-17,0.04867,0,10.00036
2021-06-18,0.04633,0,10.00213
2021-06-19,0.04421,0,10.00539
2021-06-20,0.05061,0,10.01012
2021-06-21,0.18745,0,10.01632
2021-06-22,0.12576,0,10.02401
2021-06-23,0.12342,0,10.03316
2021-06-24,0.1983,0,10.04379
2021-06-25,0.32421,0,10.05588
2021-06-26,0.28231,0,10.06943
2021-06-27,0.47522,0,10.08444
2021-06-28,0.55445,0,10.10091
2021-06-29,0.25536,0,10.11883
2021-06-30,0.15823,0,10.13819
2021-07-01,0.1261,0,10.15899
2021-07-02,0.11336,0,10.18122
2021-07-03,0.10643,0,10.20488
2021-07-04,0.10125,0,10.22996
2021-07-05,0.09667,0,10.25645
2021-07-06,0.39337,0,10.28434
2021-07-07,0.22585,0,10.31363
2021-07-08,0.13853,0,10.3443
2021-07-09,0.10996,0,10.37636
2021-07-10,0.0988,0,10.40978
2021-07-11,0.09257,0,10.44456
2021-07-12,0.15437,0,10.48068
2021-07-13,0.17036,0,10.51815
2021-07-14,0.22121,0,10.55694
2021-07-15,0.25018,0,10.59704
2021-07-16,0.31065,0,10.63845
2021-07-17,0.23833,0,10.68115
2021-07-18,0.25121,0,10.72513
2021-07-19,0.22118,0,10.77037
2021-07-20,0.15382,0,10.81687
2021-07-21,0.25143,0,10.8646
2021-07-22,0.46974,0,10.91355
2021-07-23,0.34545,0,10.96372
2021-07-24,0.44758,0,11.01508
2021-07-25,0.34398,0,11.06761
2021-07-26,0.45476,0,11.12132
2021-07-27,0.70063,0,11.17617
2021-07-28,0.3236,0,11.23215
2021-07-29,0.48507,0,11.28924
2021-07-30,0.40306,0,11.34744
2021-07-31,0.68292,0,11.40671
2021-08-01,0.27577,0,11.46705
2021-08-02,0.32659,0,11.52843
2021-08-03,0.29188,0,11.59085
2021-08-04,0.2531,0,11.65427
2021-08-05,0.25844,0,11.71868
2021-08-06,0.1906,0,11.78406
2021-08-07,0.16416,0,11.85039
2021-08-08,0.21963,0,11.91765
2021-08-09,0.20102,0,11.98583
2021-08-10,0.16409,0,12.0549
2021-08-11,0.14888,0,12.12484
2021-08-12,0.13978,0,12.19563
2021-08-13,0.13278,0,12.26725
2021-08-14,0.12653,0,12.33968
2021-08-15,0.12043,0,12.4129
2021-08-16,0.11447,0,12.48688
2021-08-17,0.10872,0,12.56161
2021-08-18,0.10321,0,12.63705
2021-08-19,0.09795,0,12.7132
2021-08-20,0.09299,0,12.79002
2021-08-21,0.08831,0,12.8675
2021-08-22,0.08382,0,12.94561
2021-08-23,0.79819,0,13.02433
2021-08-24,1.40342,0,13.10363
2021-08-25,0.52225,0,13.18349
2021-08-26,0.25719,0,13.26389
2021-08-27,0.17157,0,13.3448
2021-08-28,0.14225,0,13.42621
2021-08-29,0.12975,0,13.50808
2021-08-30,0.12233,0,13.59039
2021-08-31,0.11619,0,13.67311
2021-09-01,0.11048,0,13.75623
2021-09-02,0.10509,0,13.83972
2021-09-03,0.20095,0,13.92355
2021-09-04,0.13472,0,14.00771
2021-09-05,0.10839,0,14.09215
2021-09-06,0.09942,0,14.17686
2021-09-07,0.09201,0,14.26182
2021-09-08,0.08658,0,14.34699
2021-09-09,0.08217,0,14.43236
2021-09-10,0.07798,0,14.5179
2021-09-11,0.07399,0,14.60357
2021-09-12,0.07024,0,14.68937
2021-09-13,0.08878,0,14.77526
2021-09-14,0.25376,0,14.86121
2021-09-15,0.12893,0,14.94721
2021-09-16,0.22224,0,15.03322
2021-09-17,0.17717,0,15.11922
2021-09-18,0.11552,0,15.20518
2021-09-19,0.4744,0,15.29109
2021-09-20,0.31651,0,15.37691
2021-09-21,0.20592,0,15.46262
2021-09-22,0.17567,0,15.54819
2021-09-23,0.62701,0,15.63359
2021-09-24,0.67579,0,15.71881
2021-09-25,0.31224,0,15.80382
2021-09-26,0.20277,0,15.88859
2021-09-27,0.6885,0,15.9731
2021-09-28,0.26378,0,16.05732
2021-09-29,0.19335,0,16.14123
2021-09-30,0.21104,0,16.22479
2021-10-01,0.31144,0,16.308
2021-10-02,0.43276,0,16.39082
2021-10-03,0.34014,0,16.47323
2021-10-04,0.26275,0,16.5552
2021-10-05,0.39802,0,16.63671
2021-10-06,0.28775,0,16.71774
2021-10-07,0.1877,0,16.79826
2021-10-08,0.15354,0,16.87824
2021-10-09,0.13894,0,16.95767
2021-10-10,0.13028,0,17.03653
2021-10-11,0.1233,0,17.11477
2021-10-12,0.11702,0,17.1924
2021-10-13,0.11793,0,17.26937
2021-10-14,0.1124,0,17.34567
2021-10-15,0.10322,0,17.42128
2021-10-16,0.09693,0,17.49618
2021-10-17,0.09172,0,17.57033
2021-10-18,0.08695,0,17.64372
2021-10-19,0.08257,0,17.71633
2021-10-20,0.09271,0,17.78814
2021-10-21,0.07874,0,17.85912
2021-10-22,0.07347,0,17.92926
2021-10-23,0.07007,0,17.99853
2021-10-24,0.0838,0,18.06691
2021-10-25,0.06645,0,18.13438
2021-10-26,0.06213,0,18.20093
2021-10-27,0.05904,0,18.26653
2021-10-28,0.05562,0,18.33116
2021-10-29,0.05283,0,18.39481
2021-10-30,0.07718,0,18.45745
2021-10-31,0.0506,0,18.51907
2021-11-01,0.0471,0,18.57965
2021-11-02,0.04458,0,18.63917
2021-11-03,0.04322,0,18.69761
2021-11-04,0.04062,0,18.75495
2021-11-05,0.08439,0,18.81119
2021-11-06,0.11681,0,18.8663
2021-11-07,0.07766,0,18.92026
2021-11-08,0.05779,0,18.97307
2021-11-09,0.05005,0,19.0247
2021-11-10,0.04911,0,19.07514
2021-11-11,0.04466,0,19.12437
2021-11-12,0.04174,0,19.17238
2021-11-13,0.03967,0,19.21916
2021-11-14,0.07259,0,19.26468
2021-11-15,0.27562,0,19.30895
2021-11-16,0.20229,0,19.35194
2021-11-17,0.10313,0,19.39365
2021-11-18,0.06756,0,19.43405
2021-11-19,0.05491,0,19.47314
2021-11-20,0.04928,0,19.51091
2021-11-21,0.04591,0,19.54734
2021-11-22,0.04332,0,19.58243
2021-11-23,0.0515,0,19.61616
2021-11-24,0.0686,0,19.64852
2021-11-25,0.04837,0,19.67951
2021-11-26,0.05954,0,19.70912
2021-11-27,0.04614,0,19.73733
2021-11-28,0.0428,0,19.76414
2021-11-29,0.04031,0,19.78954
2021-11-30,0.03816,0,19.81352
2021-12-01,0.03615,0,19.83608
2021-12-02,0.03429,0,19.8572
2021-12-03,0.03255,0,19.87689
2021-12-04,0.03091,0,19.89514
2021-12-05,0.02937,0,19.91194
2021-12-06,0.04001,0,19.92728
2021-12-07,0.03559,0,19.94117
2021-12-08,0.0319,0,19.95359
2021-12-09,0.03073,0,19.96455
2021-12-10,0.03077,0,19.97404
2021-12-11,0.02718,0,19.98206
2021-12-12,0.02585,0,19.9886
2021-12-13,0.02452,0,19.99367
2021-12-14,0.02326,0,19.99725
2021-12-15,0.02203,0,19.99937
2021-12-16,0.02096,0,20
2021-12-17,0.01999,0,19.99915
2021-12-18,0.0192,0,19.99682
2021-12-19,0.01792,0,19.99301
2021-12-20,0.01703,0,19.98773
2021-12-21,0.02006,0,19.98097
2021-12-22,0.01918,0,19.97273
2021-12-23,0.01663,0,19.96303
2021-12-24,0.01577,0,19.95185
2021-12-25,0.015,0,19.93921
2021-12-26,0.01429,0,19.92511
2021-12-27,0.01397,0,19.90956
2021-12-28,0.01282,0,19.89254
2021-12-29,0.01219,0,19.87408
2021-12-30,0.01157,0,19.85418
2021-12-31,0.01101,0,19.84898
2022-01-01,0.0193,0,19.82728
2022-01-02,0.01834,0,19.80416
2022-01-03,0.01393,0,19.77961
2022-01-04,0.01323,0,19.75365
2022-01-05,0.01255,0,19.72628
2022-01-06,0.01191,0,19.69751
2022-01-07,0.0113,0,19.66736
2022-01-08,0.01076,0,19.63582
2022-01-09,0.01023,0,19.60291
2022-01-10,0.00967,0,19.56864
2022-01-11,0.00921,0,19.53302
2022-01-12,0.00872,0,19.49605
2022-01-13,0.0083,0,19.45776
2022-01-14,0.00857,0,19.41814
2022-01-15,0.00746,0,19.37722
2022-01-16,0.0071,0,19.335
2022-01-17,0.00894,0,19.2915
2022-01-18,0.00959,0,19.24673
2022-01-19,0.00682,0,19.20071
2022-01-20,0.03161,0,19.15344
2022-01-21,0.01529,0,19.10494
2022-01-22,0.01183,0,19.05523
2022-01-23,0.01124,0,19.00431
2022-01-24,0.01379,0,18.95222
2022-01-25,0.01038,0,18.89895
2022-01-26,0.00985,0,18.84453
2022-01-27,0.00935,0,18.78897
2022-01-28,0.00886,0,18.73229
2022-01-29,0.00842,0,18.6745
2022-01-30,0.00799,0,18.61563
2022-01-31,0.00758,0,18.55569
2022-02-01,0.02872,0,18.4947
2022-02-02,0.01302,0,18.43267
2022-02-03,0.01146,0,18.36962
2022-02-04,0.01086,0,18.30558
2022-02-05,0.01031,0,18.24056
2022-02-06,0.0098,0,18.17459
2022-02-07,0.0093,0,18.10767
2022-02-08,0.0088,0,18.03983
2022-02-09,0.00833,0,17.97109
2022-02-10,0.00792,0,17.90148
2022-02-11,0.00753,0,17.831
2022-02-12,0.01207,0,17.75969
2022-02-13,0.00961,0,17.68756
2022-02-14,0.03795,0,17.61464
2022-02-15,0.10609,0,17.54094
2022-02-16,0.03638,0,17.46649
2022-02-17,0.03008,0,17.39131
2022-02-18,0.02759,0,17.31542
2022-02-19,0.02577,0,17.23885
2022-02-20,0.02433,0,17.16161
2022-02-21,0.02304,0,17.08374
2022-02-22,0.02185,0,17.00525
2022-02-23,0.02072,0,16.92616
2022-02-24,0.01962,0,16.84651
2022-02-25,0.01859,0,16.76631
2022-02-26,0.01766,0,16.68558
2022-02-27,0.01675,0,16.60436
2022-02-28,0.01586,0,16.52266
2022-03-01,0.01503,0,16.44052
2022-03-02,0.01426,0,16.35794
2022-03-03,0.01356,0,16.27497
2022-03-04,0.01283,0,16.19161
2022-03-05,0.01221,0,16.10791
2022-03-06,0.11295,0,16.02387
2022-03-07,0.07966,0,15.93954
2022-03-08,0.03638,0,15.85492
2022-03-09,2.69243,0,15.77005
2022-03-10,2.38945,0,15.68496
2022-03-11,0.51785,0,15.59966
2022-03-12,0.21311,0,15.51419
2022-03-13,0.12028,0,15.42856
2022-03-14,0.08987,0,15.3428
2022-03-15,0.078,0,15.25695
2022-03-16,0.07179,0,15.17101
2022-03-17,0.0674,0,15.08503
2022-03-18,0.06375,0,14.99902
2022-03-19,0.06036,0,14.91302
2022-03-20,0.05725,0,14.82703
2022-03-21,0.0544,0,14.7411
2022-03-22,0.05152,0,14.65525
2022-03-23,0.04886,0,14.5695
2022-03-24,0.06174,0,14.48387
2022-03-25,0.15493,0,14.3984
2022-03-26,0.07395,0,14.31311
2022-03-27,0.1394,0,14.22802
2022-03-28,0.13903,0,14.14315
2022-03-29,0.08636,0,14.05854
2022-03-30,0.0689,0,13.97421
2022-03-31,0.06166,0,13.89019
2022-04-01,0.08277,0,13.80649
2022-04-02,0.0625,0,13.72314
2022-04-03,2.86786,0,13.64018
2022-04-04,0.69661,0,13.55761
2022-04-05,0.27999,0,13.47548
2022-04-06,0.15083,0,13.39379
2022-04-07,0.10973,0,13.31258
2022-04-08,0.09444,0,13.23186
2022-04-09,0.0868,0,13.15168
2022-04-10,0.15945,0,13.07203
2022-04-11,1.65952,0,12.99296
2022-04-12,0.49336,0,12.91448
2022-04-13,0.26093,0,12.83662
2022-04-14,0.17293,0,12.7594
2022-04-15,0.38735,0,12.68285
2022-04-16,0.25235,0,12.60698
2022-04-17,0.16013,0,12.53181
2022-04-18,0.12979,0,12.45738
2022-04-19,0.11708,0,12.3837
2022-04-20,0.10986,0,12.31079
2022-04-21,0.10429,0,12.23868
2022-04-22,0.0991,0,12.16739
2022-04-23,0.09411,0,12.09693
2022-04-24,0.08934,0,12.02734
2022-04-25,0.0848,0,11.95862
2022-04-26,0.08047,0,11.8908
2022-04-27,0.07846,0,11.82391
2022-04-28,0.10689,0,11.75795
2022-04-29,0.11541,0,11.69295
2022-04-30,0.09141,0,11.62893
2022-05-01,0.07952,0,11.56591
2022-05-02,0.11354,0,11.50391
2022-05-03,0.09446,0,11.44294
2022-05-04,0.07775,0,11.38302
2022-05-05,0.07075,0,11.32417
2022-05-06,0.06666,0,11.26641
2022-05-07,0.06341,0,11.20976
2022-05-08,0.06034,0,11.15422
2022-05-09,0.05743,0,11.09983
2022-05-10,1.31352,0,11.04659
2022-05-11,0.58249,0,10.99452
2022-05-12,0.24293,0,10.94363
2022-05-13,0.13953,0,10.89394
2022-05-14,0.10628,0,10.84547
2022-05-15,0.49015,0,10.79823
2022-05-16,0.41386,0,10.75223
2022-05-17,0.26365,0,10.70749
2022-05-18,0.16172,0,10.66402
2022-05-19,0.21518,0,10.62184
2022-05-20,0.1433,0,10.58094
2022-05-21,0.12045,0,10.54136
2022-05-22,0.11055,0,10.50309
2022-05-23,0.17211,0,10.46616
2022-05-24,0.12259,0,10.43057
2022-05-25,0.10638,0,10.39633
2022-05-26,0.11862,0,10.36345
2022-05-27,0.1146,0,10.33194
2022-05-28,0.09954,0,10.30182
2022-05-29,0.13609,0,10.27308
2022-05-30,0.12849,0,10.24575
2022-05-31,0.10768,0,10.21982
2022-06-01,0.28367,0,10.1953
2022-06-02,0.20825,0,10.17221
2022-06-03,0.13921,0,10.15055
2022-06-04,0.11511,0,10.13032
2022-06-05,0.18049,0,10.11153
2022-06-06,0.17972,0,10.09419
2022-06-07,0.13047,0,10.0783
2022-06-08,0.1113,0,10.06387
2022-06-09,0.10263,0,10.05089
2022-06-10,0.09716,0,10.03939
2022-06-11,0.10334,0,10.02935
2022-06-12,0.12515,0,10.02078
2022-06-13,0.10371,0,10.01368
2022-06-14,0.09169,0,10.00806
2022-06-15,0.09987,0,10.00392
2022-06-16,0.0877,0,10.00125
2022-06-17,0.08077,0,10.00007
2022-06-18,0.07628,0,10.00036
2022-06-19,0.07267,0,10.00213
2022-06-20,0.1176,0,10.00539
2022-06-21,0.13214,0,10.01012
2022-06-22,0.12335,0,10.01632
2022-06-23,0.19274,0,10.02401
2022-06-24,0.12996,0,10.03316
2022-06-25,0.09884,0,10.04379
2022-06-26,0.08713,0,10.05588
2022-06-27,0.0814,0,10.06943
2022-06-28,0.07741,0,10.08444
2022-06-29,0.0741,0,10.10091
2022-06-30,0.57105,0,10.11883
2022-07-01,0.82667,0,10.13819
2022-07-02,0.42338,0,10.15899
2022-07-03,0.20231,0,10.18122
2022-07-04,0.3617,0,10.20488
2022-07-05,0.9639,0,10.22996
2022-07-06,0.42887,0,10.25645
2022-07-07,0.32881,0,10.28434
2022-07-08,0.40934,0,10.31363
2022-07-09,0.22894,0,10.3443
2022-07-10,0.27632,0,10.37636
2022-07-11,0.23377,0,10.40978
2022-07-12,0.53876,0,10.44456
2022-07-13,0.3079,0,10.48068
2022-07-14,0.20191,0,10.51815
2022-07-15,0.16614,0,10.55694
2022-07-16,0.15103,0,10.59704
2022-07-17,0.14218,0,10.63845
2022-07-18,0.13519,0,10.68115
2022-07-19,0.83291,0,10.72513
2022-07-20,0.78841,0,10.77037
2022-07-21,0.55777,0,10.81687
2022-07-22,0.36155,0,10.8646
2022-07-23,0.37992,0,10.91355
2022-07-24,0.29308,0,10.96372
2022-07-25,0.20424,0,11.01508
2022-07-26,0.42135,0,11.06761
2022-07-27,0.30409,0,11.12132
2022-07-28,0.20654,0,11.17617
2022-07-29,0.1725,0,11.23215
2022-07-30,0.15758,0,11.28924
2022-07-31,0.16742,0,11.34744
2022-08-01,0.17201,0,11.40671
2022-08-02,0.15044,0,11.46705
2022-08-03,0.13757,0,11.52843
2022-08-04,0.12955,0,11.59085
2022-08-05,0.1347,0,11.65427
2022-08-06,0.12908,0,11.71868
2022-08-07,0.20167,0,11.78406
2022-08-08,0.38833,0,11.85039
2022-08-09,0.54267,0,11.91765
2022-08-10,0.34492,0,11.98583
2022-08-11,0.19852,0,12.0549
2022-08-12,0.28916,0,12.12484
2022-08-13,0.35368,0,12.19563
2022-08-14,0.27097,0,12.26725
2022-08-15,0.17586,0,12.33968
2022-08-16,0.1436,0,12.4129
2022-08-17,0.13029,0,12.48688
2022-08-18,0.40204,0,12.56161
2022-08-19,0.26633,0,12.63705
2022-08-20,0.17018,0,12.7132
2022-08-21,0.13764,0,12.79002
2022-08-22,0.12434,0,12.8675
2022-08-23,0.11648,0,12.94561
2022-08-24,0.11013,0,13.02433
2022-08-25,0.10443,0,13.10363
2022-08-26,0.17462,0,13.18349
2022-08-27,0.17152,0,13.26389
2022-08-28,0.57428,0,13.3448
2022-08-29,0.42491,0,13.42621
2022-08-30,0.20222,0,13.50808
2022-08-31,1.29649,0,13.59039
2022-09-01,0.69732,0,13.67311
2022-09-02,0.30748,0,13.75623
2022-09-03,0.17982,0,13.83972
2022-09-04,0.57307,0,13.92355
2022-09-05,0.3294,0,14.00771
2022-09-06,0.4081,0,14.09215
2022-09-07,0.54155,0,14.17686
2022-09-08,0.58194,0,14.26182
2022-09-09,0.39504,0,14.34699
2022-09-10,0.35458,0,14.43236
2022-09-11,0.21319,0,14.5179
2022-09-12,0.16316,0,14.60357
2022-09-13,0.14078,0,14.68937
2022-09-14,0.13011,0,14.77526
2022-09-15,0.12247,0,14.86121
2022-09-16,0.11588,0,14.94721
2022-09-17,0.10984,0,15.03322
2022-09-18,0.10421,0,15.11922
2022-09-19,0.09898,0,15.20518
2022-09-20,0.10627,0,15.29109
2022-09-21,0.09786,0,15.37691
2022-09-22,0.08926,0,15.46262
2022-09-23,0.08369,0,15.54819
2022-09-24,0.07915,0,15.63359
2022-09-25,0.12666,0,15.71881
2022-09-26,0.08961,0,15.80382
2022-09-27,0.07657,0,15.88859
2022-09-28,0.07014,0,15.9731
2022-09-29,0.08376,0,16.05732
2022-09-30,0.10442,0,16.14123
2022-10-01,0.08274,0,16.22479
2022-10-02,0.07019,0,16.308
2022-10-03,0.06439,0,16.39082
2022-10-04,0.06043,0,16.47323
2022-10-05,0.05715,0,16.5552
2022-10-06,0.08459,0,16.63671
2022-10-07,0.07603,0,16.71774
2022-10-08,0.16626,0,16.79826
2022-10-09,0.08571,0,16.87824
2022-10-10,0.06428,0,16.95767
2022-10-11,0.05594,0,17.03653
2022-10-12,0.07185,0,17.11477
2022-10-13,0.06066,0,17.1924
2022-10-14,0.05304,0,17.26937
2022-10-15,0.04896,0,17.34567
2022-10-16,0.04615,0,17.42128
2022-10-17,0.04358,0,17.49618
2022-10-18,0.04137,0,17.57033
2022-10-19,0.03927,0,17.64372
2022-10-20,0.03733,0,17.71633
2022-10-21,0.05078,0,17.78814
2022-10-22,0.04631,0,17.85912
2022-10-23,0.03884,0,17.92926
2022-10-24,0.03591,0,17.99853
2022-10-25,0.04253,0,18.06691
2022-10-26,0.09448,0,18.13438
2022-10-27,0.13409,0,18.20093
2022-10-28,0.07087,0,18.26653
2022-10-29,0.05121,0,18.33116
2022-10-30,0.04374,0,18.39481
2022-10-31,0.04004,0,18.45745
2022-11-01,0.03772,0,18.51907
2022-11-02,0.04874,0,18.57965
2022-11-03,0.05005,0,18.63917
2022-11-04,0.04003,0,18.69761
2022-11-05,0.0366,0,18.75495
2022-11-06,0.05376,0,18.81119
2022-11-07,0.04247,0,18.8663
2022-11-08,0.03756,0,18.92026
2022-11-09,0.03479,0,18.97307
2022-11-10,0.03273,0,19.0247
2022-11-11,0.03102,0,19.07514
2022-11-12,0.02941,0,19.12437
2022-11-13,0.02792,0,19.17238
2022-11-14,0.02648,0,19.21916
2022-11-15,0.02511,0,19.26468
2022-11-16,0.02387,0,19.30895
2022-11-17,0.02501,0,19.35194
2022-11-18,0.0215,0,19.39365
2022-11-19,0.02042,0,19.43405
2022-11-20,0.01941,0,19.47314
2022-11-21,0.01841,0,19.51091
2022-11-22,0.0175,0,19.54734
2022-11-23,0.01664,0,19.58243
2022-11-24,0.01579,0,19.61616
2022-11-25,0.01498,0,19.64852
2022-11-26,0.01424,0,19.67951
2022-11-27,0.01351,0,19.70912
2022-11-28,0.01287,0,19.73733
2022-11-29,0.02322,0,19.76414
2022-11-30,0.01295,0,19.78954
2022-12-01,0.01228,0,19.81352
2022-12-02,0.01165,0,19.83608
2022-12-03,0.01108,0,19.8572
2022-12-04,0.01051,0,19.87689
2022-12-05,0.00998,0,19.89514
2022-12-06,0.00949,0,19.91194
2022-12-07,0.009,0,19.92728
2022-12-08,0.00857,0,19.94117
2022-12-09,0.00812,0,19.95359
2022-12-10,0.00771,0,19.96455
2022-12-11,0.00733,0,19.97404
2022-12-12,0.00698,0,19.98206
2022-12-13,0.00663,0,19.9886
2022-12-14,0.00629,0,19.99367
2022-12-15,0.00597,0,19.99725
2022-12-16,0.0057,0,19.99937
2022-12-17,0.00538,0,20
2022-12-18,0.00531,0,19.99915
2022-12-19,0.00486,0,19.99682
2022-12-20,0.00463,0,19.99301
2022-12-21,0.00439,0,19.98773
2022-12-22,0.00417,0,19.98097
2022-12-23,0.00396,0,19.97273
2022-12-24,0.00379,0,19.96303
2022-12-25,0.00358,0,19.95185
2022-12-26,0.00339,0,19.93921
2022-12-27,0.00323,0,19.92511
2022-12-28,0.00307,0,19.90956
2022-12-29,0.00292,0,19.89254
2022-12-30,0.00278,0,19.87408
