time,flow
2020-07-29,0.0191378416155128
2020-07-30,0.0116447910271716
2020-07-31,0.00574142393291887
2020-08-01,0.0035856425859518
2020-08-02,0.00242426358297493
2020-08-03,0.00973072578669387
2020-08-04,0.08761523803395
2020-08-05,0.0890104094236104
2020-08-06,0.074615737938968
2020-08-07,0.0416409164430396
2020-08-08,0.0101139121432324
2020-08-09,0.013811091924518
2020-08-10,0.00400087206926353
2020-08-11,0
2020-08-12,0
2020-08-13,0
2020-08-14,0.00153981046946031
2020-08-15,5.0251889186999e-05
2020-08-16,0
2020-08-17,0
2020-08-18,0
2020-08-19,0
2020-08-20,0
2020-08-21,0
2020-08-22,0
2020-08-23,0
2020-08-24,0
2020-08-25,0
2020-08-26,0
2020-08-27,0
2020-08-28,0
2020-08-29,0.00499837010857911
2020-08-30,0.090097008778861
2020-08-31,0.0945193017353352
2020-09-01,0.0560909628293187
2020-09-02,0.01568252631597
2020-09-03,0
2020-09-04,0
2020-09-05,0
2020-09-06,0
2020-09-07,0
2020-09-08,0
2020-09-09,0
2020-09-10,0
2020-09-11,0
2020-09-12,0
2020-09-13,0
2020-09-14,0
2020-09-15,0
2020-09-16,0
2020-09-17,0
2020-09-18,0
2020-09-19,0
2020-09-20,0
2020-09-21,0
2020-09-22,0
2020-09-23,0
2020-09-24,0
2020-09-25,0
2020-09-26,0
2020-09-27,0
2020-09-28,0
2020-09-29,0
2020-09-30,0
2020-10-01,0
2020-10-02,0
2020-10-03,0
2020-10-04,0
2020-10-05,0
2020-10-06,0
2020-10-07,0
2020-10-08,0
2020-10-09,0
2020-10-10,0
2020-10-11,0
2020-10-12,0
2020-10-13,0
2020-10-14,0
2020-10-15,0
2020-10-16,0
2020-10-17,0
2020-10-18,0
2020-10-19,0
2020-10-20,0
2020-10-21,0
2020-10-22,0
2020-10-23,0
2020-10-24,0
2020-10-25,0
2020-10-26,0
2020-10-27,0
2020-10-28,0
2020-10-29,0
2020-10-30,0
2020-10-31,0
2020-11-01,0
2020-11-02,0
2020-11-03,0
2020-11-04,0
2020-11-05,0
2020-11-06,0
2020-11-07,0
2020-11-08,0
2020-11-09,0
2020-11-10,0
2020-11-11,0
2020-11-12,0
2020-11-13,0
2020-11-14,0
2020-11-15,0
2020-11-16,0
2020-11-17,0
2020-11-18,0
2020-11-19,0
2020-11-20,0
2020-11-21,0
2020-11-22,0
2020-11-23,0
2020-11-24,0
2020-11-25,0
2020-11-26,0
2020-11-27,0
2020-11-28,0
2020-11-29,0
2020-11-30,0
2020-12-01,0
2020-12-02,0
2020-12-03,0
2020-12-04,0
2020-12-05,0
2020-12-06,0
2020-12-07,0
2020-12-08,0
2020-12-09,0
2020-12-10,0
2020-12-11,0
2020-12-12,0
2020-12-13,0
2020-12-14,0
2020-12-15,0
2020-12-16,0
2020-12-17,0
2020-12-18,0
2020-12-19,0
2020-12-20,0
2020-12-21,0
2020-12-22,0
2020-12-23,0
2020-12-24,0
2020-12-25,0
2020-12-26,0
2020-12-27,0
2020-12-28,0
2020-12-29,0
2020-12-30,0
2020-12-31,0
2021-01-01,0
2021-01-02,0
2021-01-03,0
2021-01-04,0
2021-01-05,0
2021-01-06,1.07837616735787e-05
2021-01-07,0.00215625201733106
2021-01-08,0.00282963293365855
2021-01-09,0.00208601171808106
2021-01-10,0.000987313387168392
2021-01-11,0.000469580989760721
2021-01-12,0.000571696560507488
2021-01-13,0.000585340906370786
2021-01-14,0.000663137042507599
2021-01-15,0.000579179387335281
2021-01-16,0.000741841293007532
2021-01-17,0.00216647694280623
2021-01-18,0.00183431868853127
2021-01-19,0.00169721292919877
2021-01-20,0.00157278710936482
2021-01-21,0.00102247689577149
2021-01-22,0.00100682989293134
2021-01-23,0.00114883404801163
2021-01-24,0.00141546125302016
2021-01-25,0.00169863441308881
2021-01-26,0.00287990802003278
2021-01-27,0.00260573823797322
2021-01-28,0.0023151158915702
2021-01-29,0.00147443249428561
2021-01-30,0.00124091032951711
2021-01-31,0.00163096300565942
2021-02-01,0.00192730762457382
2021-02-02,0.00238812034288076
2021-02-03,0.00274749893691889
2021-02-04,0.00475853067095617
2021-02-05,0.00548120479118814
2021-02-06,0.00613104568479407
2021-02-07,0.00627714210976484
2021-02-08,0.00610756327972645
2021-02-09,0.0073412983750167
2021-02-10,0.00891275530601153
2021-02-11,0.00921519213409736
2021-02-12,0.00829548692555171
2021-02-13,0.00795956523831752
2021-02-14,0.0136992220844008
2021-02-15,0.019720521601283
2021-02-16,0.0264973839255582
2021-02-17,0.0245113359172032
2021-02-18,0.0228245919751676
2021-02-19,0.0219010954163133
2021-02-20,0.0205287142004591
2021-02-21,0.0195211134149732
2021-02-22,0.0183317343658587
2021-02-23,0.0165288054353999
2021-02-24,0.0149903972388519
2021-02-25,0.0142370607040489
2021-02-26,0.0248733520673944
2021-02-27,0.0330127186900903
2021-02-28,0.0364038903216794
2021-03-01,0.0280590630251891
2021-03-02,0.0174580791254502
2021-03-03,0.0110140698503018
2021-03-04,0.0086969041673505
2021-03-05,0.00801068306480421
2021-03-06,0.00840779371037703
2021-03-07,0.00876316061565312
2021-03-08,0.00792664204221281
2021-03-09,0.00811485601312869
2021-03-10,0.0100311250186268
2021-03-11,0.0119589269515973
2021-03-12,0.012398719412979
2021-03-13,0.0125771906309689
2021-03-14,0.0126064857852964
2021-03-15,0.0124849697597
2021-03-16,0.012233015614865
2021-03-17,0.0119862689942627
2021-03-18,0.0120003993548107
2021-03-19,0.0112932481212316
2021-03-20,0.0107657012345927
2021-03-21,0.0108864330616927
2021-03-22,0.0105540991733366
2021-03-23,0.0139459845548325
2021-03-24,0.0140715335731565
2021-03-25,0.0139789393629363
2021-03-26,0.0137100520128632
2021-03-27,0.0124548299237478
2021-03-28,0.0162846941260213
2021-03-29,0.0212092723247437
2021-03-30,0.0275067969274576
2021-03-31,0.0334126639704621
2021-04-01,0.0329794757067485
2021-04-02,0.0323901186797494
2021-04-03,0.0290947479312455
2021-04-04,0.0268309088735035
2021-04-05,0.02419845562549
2021-04-06,0.0221537097351396
2021-04-07,0.0202954626998081
2021-04-08,0.0190543203102136
2021-04-09,0.0183032310271008
2021-04-10,0.0183433486877717
2021-04-11,0.0191085603931908
2021-04-12,0.0183852892616799
2021-04-13,0.0174747985199294
2021-04-14,0.0161300640368859
2021-04-15,0.0147841416609206
2021-04-16,0.0155812384534205
2021-04-17,0.0217183634763012
2021-04-18,0.0200336602389462
2021-04-19,0.0192899643095338
2021-04-20,0.0199004769996024
2021-04-21,0.0199076428809133
2021-04-22,0.018424874303487
2021-04-23,0.0189592192406018
2021-04-24,0.018904572981533
2021-04-25,0.0170006561348217
2021-04-26,0.0158714231744517
2021-04-27,0.0156822472560076
2021-04-28,0.0154908078508377
2021-04-29,0.0145475076460414
2021-04-30,0.0138189901861491
2021-05-01,0.0130406553272225
2021-05-02,0.0121408702587698
2021-05-03,0.0114484173045534
2021-05-04,0.0109021102341737
2021-05-05,0.0103005492025781
2021-05-06,0.00980383708457988
2021-05-07,0.00941527625685537
2021-05-08,0.00893823939885972
2021-05-09,0.00955526495561364
2021-05-10,0.0102686966722949
2021-05-11,0.0129314930927247
2021-05-12,0.014013108770436
2021-05-13,0.0131688900445922
2021-05-14,0.0134027382469102
2021-05-15,0.0139416397537075
2021-05-16,0.0135764008617054
2021-05-17,0.0152057240186717
2021-05-18,0.016009885970281
2021-05-19,0.0145739284666001
2021-05-20,0.0206065231823015
2021-05-21,0.026855444149981
2021-05-22,0.0268368546723639
2021-05-23,0.0266873470267902
2021-05-24,0.0215631648451179
2021-05-25,0.0235137054593742
2021-05-26,0.0214356919175531
2021-05-27,0.0210432686998662
2021-05-28,0.019577021184788
2021-05-29,0.0190794320882867
2021-05-30,0.0154206573413368
2021-05-31,0.0134457478313539
2021-06-01,0.00960885368490616
2021-06-02,0.00618874391243397
2021-06-03,0.00428429456591599
2021-06-04,0.0031677949433792
2021-06-05,0.00294937969595127
2021-06-06,0.00446802267033775
2021-06-07,0.00642401876636722
2021-06-08,0.0071710196152815
2021-06-09,0.00793118733981784
2021-06-10,0.00807378108380236
2021-06-11,0.00719380292648063
2021-06-12,0.00771245508356927
2021-06-13,0.00757223513060289
2021-06-14,0.00932262427586699
2021-06-15,0.00955024990148377
2021-06-16,0.00799074408535467
2021-06-17,0.00679476714662275
2021-06-18,0.00696906830515513
2021-06-19,0.00801324187203889
2021-06-20,0.00949148184192716
2021-06-21,0.00930210872847117
2021-06-22,0.018493998984302
2021-06-23,0.0192930583484985
2021-06-24,0.0179271761405773
2021-06-25,0.0209738920047434
2021-06-26,0.03201495292938
2021-06-27,0.0380487936876001
2021-06-28,0.0588822893257356
2021-06-29,0.0749277182739585
2021-06-30,0.0429123313000553
2021-07-01,0.0153281969359146
